1,-4432.46081818,0.7517239999999999,-4432.4553035
0.898377,-4432.45776088,,
0.7806070000000001,-4432.45609879,,
0.762462,-4432.45596035,,
0.755795,-4432.45539188,,
0.752876,-4432.45571296,,
0.75201,-4432.45577198,,
0.7517239999999999,-4432.4553035,,
0.7517239999999999,-4432.4553035,,
0.7517239999999999,-4432.4553035,,
0.751607,-4432.45574562,,
0.750698,-4432.45572625,,
0.749808,-4432.45572886,,
0.747494,-4432.45566349,,
0.7412609999999999,-4432.45560451,,
0.740662,-4432.45558286,,
0.7378710000000001,-4432.4554656,,
0.728566,-4432.45525028,,
0.22534,-4432.45665666,,
0.12239,-4432.46209843,,
0,-4432.53528336,,
