-0.025,2.94999635202776e-170
-0.0249,7.819602700954974e-168
-0.0248,1.991480772439851e-165
-0.0247,4.872992782754324e-163
-0.0246,1.145628052175849e-160
-0.0245,2.587734591391839e-158
-0.0244,5.615960492197011e-156
-0.0243,1.170999143104457e-153
-0.0242,2.345942328127507e-151
-0.0241,4.515504778153879e-149
-0.024,8.350711918150878e-147
-0.0239,1.483777967412849e-144
-0.0238,2.533042957251174e-142
-0.0237,4.154745371209305e-140
-0.0236,6.547484682409574e-138
-0.0235,9.913631923354303e-136
-0.0234,1.4421794739914e-133
-0.0233,2.015737849900684e-131
-0.0232,2.706929917657422e-129
-0.0231,3.492594727863447e-127
-0.023,4.329598224967728e-125
-0.0229,5.156739825399763e-123
-0.0228,5.901074051918745e-121
-0.0227,6.48806406439054e-119
-0.0226,6.853736685435684e-117
-0.0225,6.95613371359058e-115
-0.0224,6.783231651041166e-113
-0.0223,6.355264007818003e-111
-0.0222,5.720826346412174e-109
-0.0221,4.947800206738336e-107
-0.022,4.11143817875196e-105
-0.0219,3.282491386581093e-103
-0.0218,2.517918371638223e-101
-0.0217,1.85570064542156e-99
-0.0216,1.314021319983861e-97
-0.0215,8.939744882908443e-96
-0.0214,5.843540517868769e-94
-0.0213,3.669908317749141e-92
-0.0212,2.214433233489264e-90
-0.0211,1.283802411418926e-88
-0.021,7.15092139791397e-87
-0.0209,3.826961052102569e-85
-0.0208,1.96776984530729e-83
-0.0207,9.721264963417709e-82
-0.0206,4.614232572383661e-80
-0.0205,2.104284234718288e-78
-0.0204,9.220140585192431e-77
-0.0203,3.881493876753232e-75
-0.0202,1.569959642047741e-73
-0.0201,6.101073994377838e-72
-0.02,2.277992640524319e-70
-0.0199,8.171966203915623e-69
-0.0198,2.816624987807751e-67
-0.0197,9.327380946939991e-66
-0.0196,2.967690605321763e-64
-0.0195,9.072056576815156e-63
-0.0194,2.664532972444489e-61
-0.0193,7.519079356014392e-60
-0.0192,2.038620835953877e-58
-0.0191,5.310512918569185e-57
-0.019,1.329121555504965e-55
-0.0189,3.196105848596794e-54
-0.0188,7.384240399236064e-53
-0.0187,1.639150086326924e-51
-0.0186,3.495906716327903e-50
-0.0185,7.163564422500332e-49
-0.0184,1.410349428731416e-47
-0.0183,2.667795304046006e-46
-0.0182,4.84848996716502e-45
-0.0181,8.466203816338862e-44
-0.018,1.42036237186623e-42
-0.0179,2.289485082590531e-41
-0.0178,3.545722135237438e-40
-0.0177,5.275939414328333e-39
-0.0176,7.542635513436154e-38
-0.0175,1.036035565155835e-36
-0.0174,1.367270449168739e-35
-0.0173,1.733653942361605e-34
-0.0172,2.112022868279395e-33
-0.0171,2.472082964137876e-32
-0.017,2.7800697229476e-31
-0.0169,3.003838331151085e-30
-0.0168,3.118355631204379e-29
-0.0167,3.110304802487795e-28
-0.0166,2.980632825840455e-27
-0.0165,2.744367261770096e-26
-0.0164,2.42775132846576e-25
-0.0163,2.063452099554174e-24
-0.0162,1.685050045238165e-23
-0.0161,1.32208517849563e-22
-0.016,9.96630766676472e-22
-0.0159,7.218340495530757e-21
-0.0158,5.023063394408459e-20
-0.0157,3.358367164627762e-19
-0.0156,2.157326666116251e-18
-0.0155,1.331471482611989e-17
-0.0154,7.89543472856494e-17
-0.0153,4.498300321534928e-16
-0.0152,2.462345939019652e-15
-0.0151,1.295024276100552e-14
-0.015,6.543874675367851e-14
-0.0149,3.17702227169982e-13
-0.0148,1.481950741157427e-12
-0.0147,6.641642594731748e-12
-0.0146,2.859864521230165e-11
-0.0145,1.183160458286791e-10
-0.0144,4.702946796354734e-10
-0.0143,1.79607604989345e-09
-0.0142,6.590337003372889e-09
-0.0141,2.323372166949019e-08
-0.014,7.8697007307321e-08
-0.0139,2.561096573464845e-07
-0.0138,8.007962599355784e-07
-0.0137,2.405727987619744e-06
-0.0136,6.9438366969377e-06
-0.0135,1.925666628485836e-05
-0.0134,5.130876216857238e-05
-0.0133,0.0001313503083420442
-0.0132,0.0003230726747429069
-0.0131,0.000763483390572815
-0.013,0.00173352530761924
-0.0129,0.003781755817890888
-0.0128,0.007926686654077066
-0.0127,0.01596349924153488
-0.0126,0.03088926715254258
-0.0125,0.05742983021328714
-0.0124,0.1025956118699008
-0.0123,0.1761155181937081
-0.0122,0.2905148107118313
-0.0121,0.4605500443109963
-0.012,0.7017411912624363
-0.0119,1.027894402763783
-0.0118,1.447804092087055
-0.0117,1.961715334014135
-0.0116,2.558497911109122
-0.0115,3.214658519344601
-0.0114,3.896131397391048
-0.0113,4.563167729884025
-0.0112,5.177687919343773
-0.0111,5.711452203480247
-0.011,6.152742770537841
-0.0109,6.509296026452639
-0.0108,6.80612530456361
-0.0107,7.078449176833153
-0.0106,7.361685047423018
-0.0105,7.681716292563594
-0.0104,8.048824343272353
-0.0103,8.457577108329929
-0.0102,8.892856597174609
-0.0101,9.339809103376393
-0.01,9.79373186884057
-0.009900000000000001,10.26554472437481
-0.009800000000000001,10.77983181604527
-0.0097,11.36512837164028
-0.009600000000000001,12.03924739153474
-0.009500000000000001,12.7948048483731
-0.0094,13.5907078768069
-0.009299999999999999,14.35381821735232
-0.0092,14.99170603635775
-0.0091,15.41349523313353
-0.009000000000000001,15.55271628676727
-0.008900000000000002,15.38503458707295
-0.008800000000000002,14.93518780398209
-0.008699999999999999,14.2709709841867
-0.0086,13.48638778883388
-0.008500000000000001,12.67957073607814
-0.008400000000000001,11.93250142180768
-0.008300000000000002,11.29846815192617
-0.008199999999999999,10.8000761348449
-0.0081,10.43670775223322
-0.008,10.19709618145342
-0.007900000000000001,10.07128310614611
-0.007800000000000001,10.05710079013496
-0.007700000000000002,10.15900905916214
-0.007599999999999999,10.38052284261462
-0.0075,10.71424566657715
-0.0074,11.13460556682094
-0.007300000000000001,11.59736010719724
-0.007200000000000002,12.04719572841282
-0.007100000000000002,12.43135729814002
-0.006999999999999999,12.71453980586701
-0.0069,12.88935370957873
-0.0068,12.97797183211875
-0.006700000000000001,13.0236599180243
-0.006600000000000002,13.07465038212592
-0.006499999999999999,13.16580971754723
-0.006399999999999999,13.30459875482594
-0.0063,13.46647421689095
-0.006200000000000001,13.60158466036491
-0.006100000000000001,13.65058087366408
-0.006000000000000002,13.5640922562551
-0.005899999999999999,13.31913677168079
-0.0058,12.92690048679958
-0.0057,12.42948186835756
-0.005600000000000001,11.88714127406583
-0.005500000000000001,11.3608529275327
-0.005400000000000002,10.89634933119042
-0.005299999999999999,10.51493761530283
-0.0052,10.21359196679033
-0.0051,9.973301269951127
-0.005000000000000001,9.771720582530182
-0.004900000000000002,9.594898747088861
-0.004799999999999999,9.443624884257943
-0.004699999999999999,9.332362290422243
-0.0046,9.28182183866021
-0.004500000000000001,9.308758578338841
-0.004400000000000001,9.417590804097239
-0.004300000000000002,9.597576857799632
-0.004199999999999999,9.826904961067347
-0.004099999999999999,10.08210353571537
-0.004,10.34883786886867
-0.003900000000000001,10.62937889913206
-0.003800000000000001,10.94317732995594
-0.003700000000000002,11.31966944018739
-0.003599999999999999,11.78566947325277
-0.0035,12.352192543268
-0.0034,13.00624720186045
-0.003300000000000001,13.71163286093704
-0.003200000000000001,14.41952270482988
-0.003100000000000002,15.08579500298129
-0.002999999999999999,15.68920518609539
-0.0029,16.24382026554241
-0.0028,16.80112919220864
-0.002700000000000001,17.44130306782601
-0.002600000000000002,18.25768444625753
-0.002499999999999999,19.34179998537963
-0.002399999999999999,20.77641340462905
-0.0023,22.64080788584416
-0.002200000000000001,25.02649053533078
-0.002100000000000001,28.05505135011502
-0.002000000000000002,31.88584449342252
-0.001899999999999999,36.70193883321583
-0.0018,42.66931899660724
-0.0017,49.87523181559749
-0.001600000000000001,58.26323000954953
-0.001500000000000001,67.58996794113681
-0.001400000000000002,77.42779906120651
-0.001299999999999999,87.22593395909534
-0.0012,96.42355035771286
-0.0011,104.5869724662895
-0.001000000000000001,111.5281866563963
-0.0009000000000000015,117.3608606142758
-0.0007999999999999986,122.4656543370294
-0.0006999999999999992,127.3655202792668
-0.0005999999999999998,132.5444662511388
-0.0005000000000000004,138.2675669277033
-0.000400000000000001,144.4653574105644
-0.0003000000000000017,150.7279979242192
-0.0001999999999999988,156.4183731409574
-9.999999999999939e-05,160.8708960129449
0,163.6099379904289
9.999999999999939e-05,164.5115880875444
0.0001999999999999988,163.8499293457304
0.0002999999999999982,162.2088321733448
0.000400000000000001,160.2882043472445
0.0005000000000000004,158.6719437367137
0.0005999999999999998,157.6390160981695
0.0006999999999999992,157.0835901123313
0.0007999999999999986,156.5706669839014
0.0009000000000000015,155.5048667396806
0.001000000000000001,153.350098663118
0.0011,149.8213218441504
0.0012,144.9820321280513
0.001299999999999999,139.2170919494995
0.001399999999999998,133.0960516093916
0.001500000000000001,127.1801721209854
0.001600000000000001,121.843433292472
0.0017,117.1687981819057
0.0018,112.950698216523
0.001899999999999999,108.7954218612951
0.001999999999999998,104.2776183420882
0.002100000000000001,99.09506009963073
0.002200000000000001,93.1694914479245
0.0023,86.66489752886746
0.002399999999999999,79.92579921714955
0.002499999999999999,73.3652827085556
0.002600000000000002,67.3461650947098
0.002700000000000001,62.09555353523059
0.0028,57.67611241431143
0.0029,54.01429501193409
0.002999999999999999,50.96563446566284
0.003099999999999999,48.38683687375441
0.003200000000000001,46.18643755595566
0.003300000000000001,44.33795901516569
0.0034,42.85620559524907
0.0035,41.75188351273653
0.003599999999999999,40.98696567417482
0.003699999999999998,40.4511423542003
0.003800000000000001,39.96992808300743
0.003900000000000001,39.34183954379505
0.004,38.39072042987926
0.004099999999999999,37.01388711434109
0.004199999999999999,35.20890956141416
0.004300000000000002,33.07021177464302
0.004400000000000001,30.75774851387409
0.004500000000000001,28.44953177104323
0.0046,26.29439725846668
0.004699999999999999,24.3798579925012
0.004799999999999999,22.72329863949721
0.004900000000000002,21.2859677591245
0.005000000000000001,20.0015884234254
0.0051,18.80752196428143
0.0052,17.66724097070912
0.005299999999999999,16.57755201262743
0.005399999999999999,15.56042260219052
0.005500000000000001,14.64490765612628
0.005600000000000001,13.8476102865431
0.0057,13.15962267375477
0.0058,12.54456710207998
0.005899999999999999,11.94773643378026
0.005999999999999998,11.31223969621639
0.006100000000000001,10.59590402644317
0.006200000000000001,9.783009561069781
0.0063,8.887319137908824
0.006400000000000003,7.946202504499573
0.006499999999999999,7.008641947179602
0.006600000000000002,6.121544727509379
0.006699999999999998,5.318704536264439
0.0068,4.61524398616303
0.006900000000000003,4.008182932314364
0.006999999999999999,3.481771390260475
0.007100000000000002,3.015039917028139
0.007199999999999998,2.588886888700965
0.007300000000000001,2.190764903732545
0.007399999999999997,1.816210214526846
0.0075,1.467592212012987
0.007600000000000003,1.151189287395852
0.007699999999999999,0.8738919403860715
0.007800000000000001,0.6405761319942305
0.007899999999999997,0.4526901017675559
0.008,0.3080862390649027
0.008100000000000003,0.2017704164351309
0.008199999999999999,0.1270964985338965
0.008300000000000002,0.07697495445327861
0.008399999999999998,0.04481289228002085
0.008500000000000001,0.02507410369641564
0.008600000000000003,0.01348250266919225
0.008699999999999999,0.006966380494092408
0.008800000000000002,0.003458713465296664
0.008899999999999998,0.001649980062490903
0.009000000000000001,0.0007562930975829082
0.009099999999999997,0.000333075438632723
0.0092,0.0001409392283158693
0.009300000000000003,5.730006942787471e-05
0.009399999999999999,2.238259762080577e-05
0.009500000000000001,8.400335553340352e-06
0.009599999999999997,3.02909390071529e-06
0.0097,1.049441469953886e-06
0.009800000000000003,3.493274448653725e-07
0.009899999999999999,1.117212884783328e-07
0.01,3.432952031950628e-08
0.0101,1.013509887680752e-08
0.0102,2.874859487698748e-09
0.0103,7.834902240379475e-10
0.0104,2.051534536366065e-10
0.0105,5.161219757011001e-11
0.0106,1.247538974019909e-11
0.0107,2.897237750237339e-12
0.0108,6.464610799989379e-13
0.0109,1.385890321518807e-13
0.011,2.854588865047402e-14
0.0111,5.649194114412138e-15
0.0112,1.074131992817938e-15
0.0113,1.962262159711576e-16
0.0114,3.444170383002031e-17
0.0115,5.808185099065794e-18
0.0116,9.410755496757577e-19
0.0117,1.464997059255306e-19
0.0118,2.191175870498679e-20
0.0119,3.148806269899038e-21
0.012,4.347532798855948e-22
0.0121,5.76723985170761e-23
0.0122,7.350576142540746e-24
0.0123,9.00125299868098e-25
0.0124,1.059041008441473e-25
0.0125,1.197156165963289e-26
0.0126,1.300220643030831e-27
0.0127,1.356786543838717e-28
0.0128,1.360298500608916e-29
0.0129,1.310343418501627e-30
0.013,1.212730401179923e-31
0.0131,1.078379488143533e-32
0.0132,9.213129869328474e-34
0.0133,7.562597526434096e-35
0.0134,5.964348399744617e-36
0.0135,4.519425596353303e-37
0.0136,3.290271217497899e-38
0.0137,2.301486207214372e-39
0.0138,1.546725606192575e-40
0.0139,9.987260894036679e-42
0.014,6.195947586542521e-43
0.0141,3.693152968709646e-44
0.0142,2.115022919887445e-45
0.0143,1.163753715452931e-46
0.0144,6.152268823937463e-48
0.0145,3.124911682664765e-49
0.0146,1.524994973877158e-50
0.0147,7.150349954717364e-52
0.0148,3.221175622947968e-53
0.0149,1.394214934947853e-54
0.015,5.797934144953713e-56
0.0151,2.316567965530336e-57
0.0152,8.892933309550018e-59
0.0153,3.279995479441645e-60
0.0154,1.162330611320045e-61
0.0155,3.957439887556306e-63
0.0156,1.294574948467544e-64
0.0157,4.0688182545281e-66
0.0158,1.228676649076997e-67
0.0159,3.564799749793311e-69
0.016,9.937128216561435e-71
0.0161,2.661428902899999e-72
0.0162,6.84852531141864e-74
0.0163,1.693196968196259e-75
0.0164,4.022037540415339e-77
0.0165,9.179372168502865e-79
0.0166,2.012834452452301e-80
0.0167,4.24063952842355e-82
0.0168,8.583864980791694e-84
0.0169,1.669408494918544e-85
0.017,3.119396504339109e-87
0.0171,5.600241607480086e-89
0.0172,9.659867453799779e-91
0.0173,1.600898477358398e-92
0.0174,2.549086872878279e-94
0.0175,3.899722481296322e-96
0.0176,5.732063442035795e-98
0.0177,8.094993336266406e-100
0.0178,1.098373947864903e-101
0.0179,1.431898294926445e-103
0.018,1.793503965285721e-105
0.0181,2.158344332182548e-107
0.0182,2.495556126813954e-109
0.0183,2.772312437376166e-111
0.0184,2.959001773750916e-113
0.0185,3.034425633068651e-115
0.0186,2.989757692546942e-117
0.0187,2.830242878671914e-119
0.0188,2.574184324662699e-121
0.0189,2.24948860294148e-123
0.019,1.88867039876778e-125
0.0191,1.523550208278077e-127
0.0192,1.180825134659569e-129
0.0193,8.793112457479599e-132
0.0194,6.29111880758556e-134
0.0195,4.324554423997865e-136
0.0196,2.856163519918481e-138
0.0197,1.812395559423956e-140
0.0198,1.104971640227606e-142
0.0199,6.472581010487819e-145
0.02,3.642772744477306e-147
0.0201,1.969767116222134e-149
0.0202,1.02335403936576e-151
0.0203,5.108167787511187e-154
0.0204,2.449811227539962e-156
0.0205,1.128829389860371e-158
0.0206,4.997493249293102e-161
0.0207,2.12571161202035e-163
0.0208,8.687297502418153e-166
0.0209,3.411090679558378e-168
0.021,1.286856307917854e-170
0.0211,4.664392275010132e-173
0.0212,1.624382491760755e-175
0.0213,5.4351277071539e-178
0.0214,1.747267612519758e-180
0.0215,5.396812397104225e-183
0.0216,1.601560823506055e-185
0.0217,4.56644018044799e-188
0.0218,1.250951089254707e-190
0.0219,3.292540358885094e-193
0.022,8.32626262777632e-196
0.0221,2.023006714689579e-198
0.0222,4.722508670249816e-201
0.0223,1.059196225149309e-203
0.0224,2.282486961985564e-206
0.0225,4.725724583949179e-209
0.0226,9.400625026731447e-212
0.0227,1.796690506806634e-214
0.0228,3.29927136049091e-217
0.0229,5.820911841236396e-220
0.023,9.867161290562213e-223
0.0231,1.607021375553456e-225
0.0232,2.514660154977975e-228
0.0233,3.780638634012944e-231
0.0234,5.46108902578215e-234
0.0235,7.579168553471124e-237
0.0236,1.010629789121455e-239
0.0237,1.294764686135595e-242
0.0238,1.593741263325526e-245
0.0239,1.884833573453042e-248
0.024,2.141689077024851e-251
0.0241,2.338126774404611e-254
0.0242,2.452493749924149e-257
0.0243,2.471587466005313e-260
0.0244,2.393163000059092e-263
0.0245,2.226367204746247e-266
0.0246,1.989983764044284e-269
0.0247,1.708954463926503e-272
0.0248,1.410066741822489e-275
0.0249,1.117833365737818e-278
0.025,8.514177275656879e-282
