-0.025,1.01724809908811e-22
-0.0249,7.367666536207849e-22
-0.0248,5.126975668476101e-21
-0.0247,3.427841815209814e-20
-0.0246,2.20195535385134e-19
-0.0245,1.359015677857812e-18
-0.0244,8.058767859458363e-18
-0.0243,4.591356822166729e-17
-0.0242,2.513284583408621e-16
-0.0241,1.321814496897385e-15
-0.024,6.679248113168966e-15
-0.0239,3.242745501102772e-14
-0.0238,1.512607951189739e-13
-0.0237,6.779038787423798e-13
-0.0236,2.919026836118655e-12
-0.0235,1.207636663946482e-11
-0.0234,4.800237563646552e-11
-0.0233,1.833231963941501e-10
-0.0232,6.726673878286099e-10
-0.0231,2.37143708427094e-09
-0.023,8.032507763972632e-09
-0.0229,2.614081110837526e-08
-0.0228,8.173637809364659e-08
-0.0227,2.455501738077465e-07
-0.0226,7.087511536292752e-07
-0.0225,1.965514319643725e-06
-0.0224,5.237063989160106e-06
-0.0223,1.340692815325769e-05
-0.0222,3.297624196904401e-05
-0.0221,7.792999126458901e-05
-0.022,0.0001769462392513653
-0.0219,0.0003860235125106294
-0.0218,0.0008091435473221291
-0.0217,0.001629604746852171
-0.0216,0.003153494427940065
-0.0215,0.005863637986852903
-0.0214,0.01047672950798697
-0.0213,0.01798849939579804
-0.0212,0.02968350276508612
-0.0211,0.04708108245812417
-0.021,0.07179232847470966
-0.0209,0.1052791103944642
-0.0208,0.1485369017196202
-0.0207,0.2017631704523369
-0.0206,0.2641098013715683
-0.0205,0.3336329285640739
-0.0204,0.4075292000061717
-0.0203,0.4826767500201851
-0.0202,0.5563936166280427
-0.0201,0.6272184183336836
-0.02,0.6954532365743344
-0.0199,0.7632281853459663
-0.0198,0.8339676711491663
-0.0197,0.9113367679102935
-0.0196,0.9979594403335387
-0.0195,1.094343759469888
-0.0194,1.19844849822173
-0.0193,1.306151443350595
-0.0192,1.412570186947066
-0.0191,1.51384245777522
-0.019,1.608728790049448
-0.0189,1.699370521239999
-0.0188,1.7907661147595
-0.0187,1.888964860192458
-0.0186,1.998474322978629
-0.0185,2.119748032912066
-0.0184,2.247702299657834
-0.0183,2.371941696627224
-0.0182,2.478820321036133
-0.0181,2.554816891977531
-0.018,2.590195597022419
-0.0179,2.581761914096762
-0.0178,2.533782462777995
-0.0177,2.456740051011443
-0.0176,2.364325525590029
-0.0175,2.269659881533328
-0.0174,2.181977147832884
-0.0173,2.104799328696525
-0.0172,2.03608207531475
-0.0171,1.970115643443055
-0.017,1.900386121051158
-0.0169,1.822338764211249
-0.0168,1.735113286195832
-0.0167,1.641767007707455
-0.0166,1.548081357458339
-0.0165,1.460540210073135
-0.0164,1.384303217088006
-0.0163,1.32191003939673
-0.0162,1.273101972647833
-0.0161,1.235687435074988
-0.016,1.206987767820756
-0.0159,1.185220882334669
-0.0158,1.170264970924707
-0.0157,1.163543045523883
-0.0156,1.167153671759258
-0.0155,1.182689003196363
-0.0154,1.210304611574791
-0.0153,1.24848993762642
-0.0152,1.2946801596147
-0.0151,1.346472536737845
-0.015,1.40291589742146
-0.0149,1.46525657704843
-0.0148,1.536696358843752
-0.0147,1.6210963357343
-0.0146,1.721007249436971
-0.0145,1.835745540231264
-0.0144,1.960317027445446
-0.0143,2.085758161015027
-0.0142,2.200980032753023
-0.0141,2.295631242783902
-0.014,2.363059134823198
-0.0139,2.402327251694937
-0.0138,2.418512145548121
-0.0137,2.421079505331913
-0.0136,2.420825381556387
-0.0135,2.426406552328496
-0.0134,2.441663243075402
-0.0133,2.464676395772322
-0.0132,2.488886431660376
-0.0131,2.505855369465504
-0.013,2.508658172183269
-0.0129,2.494668683585854
-0.0128,2.46674600865059
-0.0127,2.432438671371887
-0.0126,2.401573801478029
-0.0125,2.383200266742782
-0.0124,2.383077059057163
-0.0123,2.402655061728791
-0.0122,2.439884228627758
-0.0121,2.491427165158528
-0.012,2.555268343557922
-0.0119,2.632514586341252
-0.0118,2.727477542625475
-0.0117,2.845815269794152
-0.0116,2.991332456401692
-0.0115,3.162675400265724
-0.0114,3.35134140355829
-0.0113,3.542047603167498
-0.0112,3.715679664994356
-0.0111,3.854059325944412
-0.011,3.945005947551869
-0.0109,3.985933890506434
-0.0108,3.984647810434566
-0.0107,3.956945539704936
-0.0106,3.921774272549198
-0.0105,3.895583542718295
-0.0104,3.88782816678086
-0.0103,3.899162986080132
-0.0102,3.922880565799004
-0.0101,3.948940178503004
-0.01,3.968975939341996
-0.009900000000000001,3.980321755766674
-0.009800000000000001,3.987489424212385
-0.0097,4.000537030000683
-0.009600000000000001,4.030988387520404
-0.009500000000000001,4.086940811045101
-0.0094,4.169346594312151
-0.009299999999999999,4.271027853316983
-0.0092,4.378935803745624
-0.0091,4.478889555984298
-0.009000000000000001,4.561019497902172
-0.008900000000000002,4.623799625397174
-0.008800000000000002,4.675036215521603
-0.008699999999999999,4.729324667813064
-0.0086,4.802865258454663
-0.008500000000000001,4.907607065794356
-0.008400000000000001,5.04702894857451
-0.008300000000000002,5.215300296148561
-0.008199999999999999,5.400274289268359
-0.0081,5.589228892614212
-0.008,5.775084984283267
-0.007900000000000001,5.960491089553885
-0.007800000000000001,6.157859307742678
-0.007700000000000002,6.38495826833189
-0.007599999999999999,6.657465599734026
-0.0075,6.981255676479805
-0.0074,7.347566829722904
-0.007300000000000001,7.73332994125084
-0.007200000000000002,8.107093226740867
-0.007100000000000002,8.43880181909331
-0.006999999999999999,8.710022025435197
-0.0069,8.92073731991978
-0.0068,9.089858645411296
-0.006700000000000001,9.248792877092159
-0.006600000000000002,9.430020299486412
-0.006499999999999999,9.654654857639253
-0.006399999999999999,9.923579226768517
-0.0063,10.21564292716646
-0.006200000000000001,10.49392338784861
-0.006100000000000001,10.71806964855757
-0.006000000000000002,10.85839945788744
-0.005899999999999999,10.90662670113459
-0.0058,10.87921309034954
-0.0057,10.81199501488376
-0.005600000000000001,10.74795834597392
-0.005500000000000001,10.72260494466002
-0.005400000000000002,10.75228446797917
-0.005299999999999999,10.82977690728429
-0.0052,10.92869649373402
-0.0051,11.01496479572687
-0.005000000000000001,11.06093096487839
-0.004900000000000002,11.05672168373881
-0.004799999999999999,11.01447097346496
-0.004699999999999999,10.96381272781646
-0.0046,10.94037934649945
-0.004500000000000001,10.97175449028225
-0.004400000000000001,11.066336659957
-0.004300000000000002,11.20948618009338
-0.004199999999999999,11.36855392006953
-0.004099999999999999,11.50497947718894
-0.004,11.58890594037529
-0.003900000000000001,11.61074808973113
-0.003800000000000001,11.58527594817754
-0.003700000000000002,11.54662300538516
-0.003599999999999999,11.53611660311442
-0.0035,11.58761468447663
-0.0034,11.71602882352554
-0.003300000000000001,11.91350459724384
-0.003200000000000001,12.15474962449957
-0.003100000000000002,12.40937484602736
-0.002999999999999999,12.65624908340614
-0.0029,12.89390512851365
-0.0028,13.14241520666016
-0.002700000000000001,13.43541517703185
-0.002600000000000002,13.80489151785892
-0.002499999999999999,14.26443565918906
-0.002399999999999999,14.79766684883975
-0.0023,15.35694130809491
-0.002200000000000001,15.8738003529806
-0.002100000000000001,16.27819404442628
-0.002000000000000002,16.5200285042358
-0.001899999999999999,16.58540920538844
-0.0018,16.50162690522828
-0.0017,16.32890657726562
-0.001600000000000001,16.14175370190506
-0.001500000000000001,16.00656411349641
-0.001400000000000002,15.96352960978331
-0.001299999999999999,16.01921123678535
-0.0012,16.15206204326596
-0.0011,16.32820215107505
-0.001000000000000001,16.52078681758157
-0.0009000000000000015,16.72490603583402
-0.0007999999999999986,16.96169532046116
-0.0006999999999999992,17.26960426787925
-0.0005999999999999998,17.68595654362939
-0.0005000000000000004,18.22604097188069
-0.000400000000000001,18.86835987910551
-0.0003000000000000017,19.55269291012088
-0.0001999999999999988,20.19295755839413
-9.999999999999939e-05,20.70118067204152
0,21.01440169428908
9.999999999999939e-05,21.11479097994914
0.0001999999999999988,21.03538008532309
0.0002999999999999982,20.84886759716273
0.000400000000000001,20.64312596109293
0.0005000000000000004,20.49196940214847
0.0005999999999999998,20.43155687298979
0.0006999999999999992,20.45077300836549
0.0007999999999999986,20.49879207842358
0.0009000000000000015,20.50670982288005
0.001000000000000001,20.41500213337194
0.0011,20.19655572544605
0.0012,19.86684325240588
0.001299999999999999,19.47775441312578
0.001399999999999998,19.09774950101059
0.001500000000000001,18.78604487491367
0.001600000000000001,18.57060148816494
0.0017,18.43805694398441
0.0018,18.33911222928771
0.001899999999999999,18.20706160477854
0.001999999999999998,17.98234688575378
0.002100000000000001,17.63399407138608
0.002200000000000001,17.17022405430881
0.0023,16.63477516192335
0.002399999999999999,16.09085410665492
0.002499999999999999,15.59909604756937
0.002600000000000002,15.19783237177121
0.002700000000000001,14.89272004179374
0.0028,14.65897088765954
0.0029,14.45456396400155
0.002999999999999999,14.23878768326338
0.003099999999999999,13.98871847696171
0.003200000000000001,13.70735873353284
0.003300000000000001,13.420597616694
0.0034,13.1645434701897
0.0035,12.96842416999674
0.003599999999999999,12.83981904047471
0.003699999999999998,12.75795799090507
0.003800000000000001,12.67767542857861
0.003900000000000001,12.54258839114954
0.004,12.30270756111525
0.004099999999999999,11.9302072366601
0.004199999999999999,11.42794452254623
0.004300000000000002,10.82810218374394
0.004400000000000001,10.18191456106982
0.004500000000000001,9.544466659208869
0.0046,8.959964346919799
0.004699999999999999,8.452258884308646
0.004799999999999999,8.023145012595506
0.004900000000000002,7.65798966800889
0.005000000000000001,7.335719717069645
0.0051,7.038982026905914
0.0052,6.760713419861648
0.005299999999999999,6.505120212244429
0.005399999999999999,6.283401331310821
0.005500000000000001,6.106543228548507
0.005600000000000001,5.978455016058273
0.0057,5.892328267801806
0.0058,5.83163770746358
0.005899999999999999,5.775273569113859
0.005999999999999998,5.704672419602695
0.006100000000000001,5.610093088566287
0.006200000000000001,5.493599395851843
0.0063,5.367654074643728
0.006400000000000003,5.249949532702902
0.006499999999999999,5.15652988872499
0.006600000000000002,5.095858756922179
0.006699999999999998,5.066053915989662
0.0068,5.056236795637086
0.006900000000000003,5.051338702965968
0.006999999999999999,5.038388012255667
0.007100000000000002,5.011771306425523
0.007199999999999998,4.97540632287958
0.007300000000000001,4.941000443434707
0.007399999999999997,4.923111179535233
0.0075,4.93297836013522
0.007600000000000003,4.973580409344691
0.007699999999999999,5.037895251148123
0.007800000000000001,5.11110206881053
0.007899999999999997,5.175921754780255
0.008,5.219054135536239
0.008100000000000003,5.236210108557297
0.008199999999999999,5.233741604310049
0.008300000000000002,5.22615738826167
0.008399999999999998,5.230391899559213
0.008500000000000001,5.258963214536249
0.008600000000000003,5.314623185712284
0.008699999999999999,5.388578787388279
0.008800000000000002,5.463037711766423
0.008899999999999998,5.517201347053994
0.009000000000000001,5.534513098631206
0.009099999999999997,5.508472526202804
0.0092,5.444839628493432
0.009300000000000003,5.359387689939784
0.009399999999999999,5.272014111117812
0.009500000000000001,5.199364207793174
0.009599999999999997,5.148660156723498
0.0097,5.114963532622189
0.009800000000000003,5.082822546367886
0.009899999999999999,5.031654004644295
0.01,4.942885608273745
0.0101,4.80631746101963
0.0102,4.623535554901348
0.0103,4.407350159698171
0.0104,4.177685920903274
0.0105,3.955569667175688
0.0106,3.757413110132231
0.0107,3.591509290891726
0.0108,3.457709402277941
0.0109,3.350016262543442
0.011,3.26079597715835
0.0111,3.184841059518823
0.0112,3.121753230819201
0.0113,3.075917866627366
0.0114,3.054373287045917
0.0115,3.063724843643346
0.0116,3.107589339682376
0.0117,3.185757883951434
0.0118,3.295460354110202
0.0119,3.43412734092841
0.012,3.602279683755795
0.0121,3.804962288255954
0.0122,4.050605357371125
0.0123,4.347205869949073
0.0124,4.696909227963459
0.0125,5.090965321402396
0.0126,5.507236768305097
0.0127,5.911788826554769
0.0128,6.264754153186244
0.0129,6.529095599522207
0.013,6.679676165068615
0.0131,6.709686147652701
0.0132,6.632173818984287
0.0133,6.475978671533833
0.0134,6.277234853613355
0.0135,6.069115664795357
0.0136,5.873071398311218
0.0137,5.694260065054707
0.0138,5.522397473469173
0.0139,5.337411262182138
0.014,5.117742211654926
0.0141,4.848424629252203
0.0142,4.526392537262485
0.0143,4.161610768659614
0.0144,3.774143134518813
0.0145,3.388579574100098
0.0146,3.027915979249698
0.0147,2.708855845412024
0.0148,2.439727359520869
0.0149,2.221142524209291
0.015,2.048582314452181
0.0151,1.915588151163187
0.0152,1.816289164320638
0.0153,1.746497315600336
0.0154,1.703310068603927
0.0155,1.683783448114067
0.0156,1.683554075953572
0.0157,1.696211952721461
0.0158,1.713824782908119
0.0159,1.728472773406182
0.016,1.7341928678985
0.0161,1.728531714554091
0.0162,1.713037871252615
0.0163,1.692426858429994
0.0164,1.672665652660047
0.0165,1.65864500952035
0.0166,1.65227573203874
0.0167,1.651695318093867
0.0168,1.651863053130781
0.0169,1.646311062715044
0.017,1.629399203738483
0.0171,1.598248577872035
0.0172,1.553661680517852
0.0173,1.499720210337612
0.0174,1.442236001111687
0.0175,1.386635172462837
0.0176,1.336035872442325
0.0177,1.29018080683172
0.0178,1.245557725132013
0.0179,1.196615607890743
0.018,1.137619627546204
0.0181,1.064508203332429
0.0182,0.9761674881710269
0.0183,0.8747814825970012
0.0184,0.7652447883483116
0.0185,0.6539167047675273
0.0186,0.5471561651252453
0.0187,0.4500728450167562
0.0188,0.3657897017795831
0.0189,0.29530728982319
0.019,0.2378701592145215
0.0191,0.1916185286728355
0.0192,0.1542846144703456
0.0193,0.1237467419305586
0.0194,0.09834820594479741
0.0195,0.07698127354931456
0.0196,0.05900093424345256
0.0197,0.04405732760195292
0.0198,0.03192577725388882
0.0199,0.02238382392644156
0.02,0.01515158883895908
0.0201,0.009886667957882508
0.0202,0.006212248942756572
0.0203,0.003756111784273065
0.0204,0.002184255247389947
0.0205,0.001221229904445206
0.0206,0.0006563296339770344
0.0207,0.0003390085904393098
0.0208,0.000168274698480319
0.0209,8.026317802647946e-05
0.021,3.67860490563295e-05
0.0211,1.619965192229388e-05
0.0212,6.854486021736786e-06
0.0213,2.78666459674081e-06
0.0214,1.088506483587269e-06
0.0215,4.085179288026717e-07
0.0216,1.473069273086112e-07
0.0217,5.103474383784703e-08
0.0218,1.698785727214748e-08
0.0219,5.433011336667534e-09
0.022,1.669442987921948e-09
0.0221,4.928687678720551e-10
0.0222,1.398039891978811e-10
0.0223,3.810099141331776e-11
0.0224,9.976572472834908e-12
0.0225,2.509890470326415e-12
0.0226,6.066755136279219e-13
0.0227,1.408920310657112e-13
0.0228,3.143725694000006e-14
0.0229,6.739553119769305e-15
0.023,1.388180026112537e-15
0.0231,2.747190093770364e-16
0.0232,5.223479074273013e-17
0.0233,9.542435465550854e-18
0.0234,1.674892073951703e-18
0.0235,2.824506937591299e-19
0.0236,4.576428549018118e-20
0.0237,7.124246671209808e-21
0.0238,1.065563734811111e-21
0.0239,1.53125717162228e-22
0.024,2.114195095628029e-23
0.0241,2.804595334584115e-24
0.0242,3.574568091514168e-25
0.0243,4.377288408780331e-26
0.0244,5.150091804732406e-27
0.0245,5.821742604526238e-28
0.0246,6.322942760180381e-29
0.0247,6.598021420540811e-30
0.0248,6.615099984498037e-31
0.0249,6.372169581447475e-32
0.025,5.897479747439907e-33
