-376.2939120237418,0
-376.283806379715,0
-375.2126081128832,0.001520421660045346
-375.2025024688565,0.001910739321964521
-375.1923968248298,0.002395135218912972
-375.1822911808031,0.002994675949204943
-375.1721855367763,0.003734743971476523
-375.1620798927496,0.00464582704055111
-375.1519742487229,0.005764430962515304
-375.1418686046962,0.007134130500474319
-375.1317629606695,0.008806774146328718
-375.1216573166428,0.01084385921564653
-375.111551672616,0.01331809426897101
-375.1014460285894,0.01631516615310585
-375.0913403845626,0.01993572892235147
-375.0812347405359,0.0242976314679402
-375.0711290965092,0.02953839977373243
-375.0610234524825,0.03581798824250113
-375.0509178084558,0.04332181241153939
-375.040812164429,0.05226407250935319
-375.0307065204023,0.06289137360861762
-375.0206008763756,0.0754866435204493
-375.0104952323489,0.09037334397524292
-375.0003895883222,0.1079199639814999
-374.9902839442955,0.1295583909381304
-374.9801783002687,0.1545014641048727
-374.9700726562421,0.183214811783386
-374.9599670122153,0.2167188596542341
-374.9498613681886,0.2557066041028795
-374.9397557241619,0.3009520562948468
-374.9296500801352,0.3533164802742207
-374.9195444361085,0.4152750093941623
-374.9094387920817,0.4852313271115587
-374.899333148055,0.565569111366134
-374.8892275040283,0.6575796102659156
-374.8791218600016,0.7626739402807068
-374.8690162159749,0.8823880550570506
-374.8589105719482,1.018386984566815
-374.8488049279214,1.172468184752296
-374.8386992838948,1.346563832058925
-374.828593639868,1.542741894174315
-374.8184879958413,1.763205808355881
-374.8083823518146,2.010292602334425
-374.7982767077879,2.286469300288298
-374.7881710637612,2.594327468087803
-374.7780654197344,2.936575768125165
-374.7679597757077,3.316030414685438
-374.757854131681,3.735603445974102
-374.7477484876543,4.198288758462794
-374.7376428436276,4.70714588286833
-374.7275371996009,5.265281518411312
-374.7174315555741,5.875828882425559
-374.7073259115475,6.541924975169879
-374.6972202675207,7.266685903943419
-374.687114623494,8.053180455307794
-374.6770089794673,8.904402148239186
-374.6669033354406,9.823240043153188
-374.6567976914139,10.81244862068647
-374.6466920473871,11.87461707858942
-374.6365864033605,13.01213842381348
-374.6264807593337,14.22717875866449
-374.616375115307,15.52164717366169
-374.6062694712803,16.89716666457285
-374.5961638272536,18.35504648629417
-374.5860581832268,19.89625634136072
-374.5759525392002,21.52140277576777
-374.5658468951734,23.23070811962943
-374.5557412511467,25.02399226552494
-374.54563560712,26.90065752406281
-374.5355299630933,28.85967673546451
-374.5254243190666,30.89958474939138
-374.5153186750399,33.01847331468857
-374.5052130310132,35.2139893483152
-374.4951073869864,37.4833364807989
-374.4850017429597,39.82327970653887
-374.474896098933,42.23015290367623
-374.4647904549063,44.69986893249167
-374.4546848108795,47.22793197567849
-374.4445791668529,49.80945175042563
-374.4344735228261,52.43915920275647
-374.4243678787994,55.11142329029583
-374.4142622347727,57.82026847138313
-374.404156590746,60.55939254644704
-374.3940509467193,63.32218454142415
-374.3839453026926,66.10174238175185
-374.3738396586659,68.89089017743487
-374.3637340146391,71.68219502264849
-374.3536283706124,74.46798330448691
-374.3435227265857,77.24035661150083
-374.333417082559,79.99120742994266
-374.3233114385322,82.71223491019376
-374.3132057945056,85.39496107363556
-374.3031001504788,88.03074790719545
-374.2929945064521,90.67084408383535
-374.2828888624254,93.30588985715744
-374.2727832183987,95.86594587787543
-374.262677574372,98.34104640344538
-374.2525719303453,100.7212120727053
-374.2424662863186,102.9964945487443
-374.2323606422918,105.1570250320498
-374.2222549982651,107.1930667868276
-374.2121493542384,109.095071716181
-374.2020437102117,110.8537408977452
-374.1919380661849,112.4600888535776
-374.1818324221582,113.9055111805293
-374.1717267781315,115.1818550144252
-374.1616211341048,116.2814916480985
-374.1515154900781,117.1973904748858
-374.1414098460514,117.9231932908812
-374.1313042020247,118.4532878663427
-374.121198557998,118.7828795940731
-374.1110929139713,118.9080599448853
-374.1009872699445,118.8258704112694
-374.0908816259179,118.5343606031767
-374.0807759818911,118.0326391766162
-374.0706703378644,117.3609351467952
-374.0605646938376,116.5402964780812
-374.0504590498109,115.5324443373953
-374.0403534057842,114.3201370927432
-374.0302477617575,112.9073330466808
-374.0201421177308,111.299177466112
-374.0100364737041,109.5019852759075
-373.9999308296774,107.5832380087196
-373.9898251856507,105.5510230457274
-373.979719541624,103.3539806317264
-373.9696138975972,101.0017591421981
-373.9595082535706,98.50491406737687
-373.9494026095438,95.87482360669958
-373.9392969655171,93.12359376658394
-373.9291913214904,90.26395429305215
-373.9190856774636,87.30914695138148
-373.9089800334369,84.2728078120477
-373.8988743894102,81.1688453123251
-373.8887687453835,78.01131593367056
-373.8786631013568,74.81429936524161
-373.8685574573301,71.59177501350156
-373.8584518133034,68.35750166787574
-373.8483461692767,65.12490204493467
-373.8382405252499,61.9069538116134
-373.8281348812232,58.71608853541046
-373.8180292371965,55.56409983090205
-373.8079235931698,52.46206177234518
-373.7978179491431,49.42025842709005
-373.7877123051163,46.44812513961395
-373.7776066610896,43.55420196689399
-373.7675010170629,40.74609943807064
-373.7573953730362,38.03047659013945
-373.7472897290095,35.413031021537
-373.7371840849828,32.89850051121201
-373.7270784409561,30.49067557570674
-373.7169727969293,28.19242218384263
-373.7068671529026,26.00571371998988
-373.6967615088759,23.93167118403362
-373.6866558648492,21.97061053972388
-373.6765502208225,20.12209607308634
-373.6664445767958,18.38499859829823
-373.656338932769,16.75755734861633
-373.6462332887423,15.2374444127956
-373.6361276447156,13.82183062073396
-373.6260220006889,12.50745184327343
-373.6159163566622,11.2906747473935
-373.6058107126355,10.16756113652305
-373.5957050686088,9.133930103396223
-373.585599424582,8.185417326849221
-373.5754937805553,7.317530951367645
-373.5653881365286,6.525703596401883
-373.5552824925019,5.80534014905023
-373.5451768484752,5.151861096522519
-373.5350712044485,4.560741252000488
-373.5249655604217,4.027543817585658
-373.514859916395,3.547949809780758
-373.5047542723683,3.117782945522689
-373.4946486283416,2.733030149620753
-373.4845429843149,2.389857897295312
-373.4744373402881,2.084624648366301
-373.4643316962615,1.813889662752163
-373.4542260522347,1.574418510753098
-373.4441204082081,1.363185606719965
-373.4340147641813,1.177374101893449
-373.4239091201546,1.014373472273971
-373.4138034761279,0.8717751312488565
-373.4036978321012,0.7473663852876062
-373.3935921880745,0.6391230352484769
-373.3834865440477,0.545200906628479
-373.373380900021,0.4627198187727271
-373.3632752559943,0.3928321409213161
-373.3531696119676,0.3326674264775408
-373.3430639679409,0.2810138275276879
-373.3329583239142,0.2367876480725639
-373.3228526798874,0.1990233964476919
-373.3127470358608,0.1668640394636141
-373.302641391834,0.1395515599114886
-373.2925357478073,0.1164178982117805
-373.2824301037806,0.09687633995799701
-373.2723244597539,0.08041339401813868
-373.2622188157272,0.06658119073970248
-373.2521131717004,0.05499041664496074
-373.2420075276737,0.04530379074526911
-373.231901883647,0.0372300781561582
-373.2217962396203,0.0305186289431085
-373.2116905955936,0.02495442393689065
-373.2015849515669,0.02035360448094057
-373.1914793075401,0.01655945955893314
-373.1813736635135,0.01343884134465682
-373.1712680194867,0.01087897876727606
-373.16116237546,0.008784658047826058
-373.1510567314333,0.00627123818253042
-373.1409510874066,0.00464582704055111
-373.1308454433799,0.003734743971476523
-373.1207397993531,0.002994675949204943
-373.1106341553264,0.002395135218912972
-373.1005285112997,0.001910739321964521
-373.090422867273,0.001520421660045346
-373.0803172232463,0
-172.90772034207,0.0005068072200151152
-172.8976146980433,0.001650527547351738
-172.8875090540166,0.002072204620947338
-172.8774034099899,0.002594982129010296
-172.8672977659632,0.003241365289962136
-172.8571921219364,0.005558859987880065
-172.8470864779097,0.006929434336503694
-172.836980833883,0.008616132694081282
-172.8268751898563,0.01068635433163073
-172.8167695458296,0.01322054647424451
-172.8066639018029,0.01631443127397245
-172.7965582577762,0.0200815491928646
-172.7864526137494,0.02465615090999537
-172.7763469697227,0.03019647058387644
-172.766241325696,0.03688841345218415
-172.7561356816693,0.04494969019895964
-172.7460300376426,0.05463442911861972
-172.7359243936159,0.0662382946998288
-172.7258187495892,0.08010413767704819
-172.7157131055624,0.09662819668629394
-172.7056074615357,0.1162668652478817
-172.695501817509,0.1395440297222013
-172.6853961734823,0.1670589739963867
-172.6752905294556,0.1994948348307559
-172.6651848854289,0.2376275779217444
-172.6550792414021,0.2823354487559224
-172.6449735973754,0.3346088342156376
-172.6348679533487,0.3955604506830916
-172.624762309322,0.4664357521725485
-172.6146566652953,0.5486234279693503
-172.6045510212686,0.6436658336210628
-172.5944453772419,0.7532691722516438
-172.5843397332151,0.8793132154911681
-172.5742340891884,1.023860325368537
-172.5641284451617,1.189163510941485
-172.554022801135,1.377673226976112
-172.5439171571083,1.592042597471281
-172.5338115130816,1.83513072517209
-172.5237058690549,2.110003730425117
-172.5136002250281,2.419933149845157
-172.5034945810014,2.768391318371374
-172.4933889369747,3.159043358478141
-172.483283292948,3.596242215855844
-172.4731776489213,4.084129268138977
-172.4630720048946,4.625501647184803
-172.4529663608679,5.225458365907178
-172.4428607168411,5.888387590790682
-172.4327550728144,6.618736743525366
-172.4226494287877,7.420972988773667
-172.412543784761,8.299538608134849
-172.4024381407343,9.258801356298603
-172.3923324967076,10.30300000235982
-172.3822268526808,11.43618537493207
-172.3721212086541,12.66215735229672
-172.3620155646274,13.98439836621169
-172.3519099206007,15.40600411764668
-172.341804276574,16.92961233173382
-172.3316986325473,18.55733050443144
-172.3215929885206,20.2906637113596
-172.3114873444938,22.13044365636799
-172.3013817004671,24.07676022993521
-172.2912760564404,26.12889692178561
-172.2811704124137,28.28527148457067
-172.271064768387,30.54338327275415
-172.2609591243603,32.89976867997763
-172.2508534803335,35.34996606664529
-172.2407478363068,37.88849150532116
-172.2306421922801,40.50882657353959
-172.2205365482534,43.20341929133698
-172.2104309042267,45.96369913463488
-172.2003252602,48.78010685687465
-172.1902196161733,51.64213962231648
-172.1801139721466,54.53841169842699
-172.1700083281198,57.45673067598152
-172.1599026840931,60.38418888898746
-172.1497970400664,63.30726939817403
-172.1396913960397,66.21196558816712
-172.129585752013,69.08391311669307
-172.1194801079862,71.90853265173482
-172.1093744639595,74.6711815471736
-172.0992688199328,77.35731234677024
-172.0891631759061,79.95263577780264
-172.0790575318794,82.44328570626247
-172.0689518878527,84.81598338154726
-172.058846243826,87.0581982054884
-172.0487405997992,89.15830222271511
-172.0386349557725,91.10571554989315
-172.0285293117458,92.89104004206597
-172.0184236677191,94.50617863546759
-172.0083180236924,95.94443800651884
-171.9982123796657,97.20061244350158
-171.988106735639,98.29105654588601
-171.9780010916122,99.25357346267678
-171.9678954475855,100.0670913452048
-171.9577898035588,100.6918374747304
-171.9476841595321,101.1296546978945
-171.9375785155054,101.4439690369057
-171.9274728714786,101.6392089495523
-171.9173672274519,101.6607236087009
-171.9072615834252,101.5152015629957
-171.8971559393985,101.210526289134
-171.8870502953718,100.755642714976
-171.8769446513451,100.1604089090237
-171.8668390073184,99.43543566068949
-171.8567333632917,98.59191691819707
-171.8466277192649,97.64145422964975
-171.8365220752382,96.59587844331567
-171.8264164312115,95.46707196278469
-171.8163107871848,94.26679482037497
-171.8062051431581,93.00651772886056
-171.7960994991313,91.69726509986971
-171.7859938551046,90.34947078151252
-171.7758882110779,88.97284897384205
-171.7657825670512,87.57628243597908
-171.7556769230245,86.16772971169317
-171.7455712789978,84.75415268045148
-171.7354656349711,83.34146529868148
-171.7253599909444,81.93450394191846
-171.7152543469176,80.53701930345974
-171.7051487028909,79.15168935982263
-171.6950430588642,77.78015248797242
-171.6849374148375,76.4230594235494
-171.6748317708108,75.08014239185292
-171.664726126784,73.75029943167598
-171.6546204827573,72.431691672463
-171.6445148387306,71.12185112247704
-171.6344091947039,69.81779638298097
-171.6243035506772,68.51615362252794
-171.6141979066505,67.21328012642888
-171.6040922626238,65.90538777786618
-171.5939866185971,64.58866392604524
-171.5838809745703,63.25938724897615
-171.5737753305436,61.91403641851245
-171.5636696865169,60.56939902628984
-171.5535640424902,59.26250724590139
-171.5434583984635,57.97037257803484
-171.5333527544367,56.65022870465707
-171.52324711041,55.29992653341237
-171.5131414663833,53.91796139066211
-171.5030358223566,52.50350402839578
-171.4929301783299,51.05641668804535
-171.4828245343032,49.57725459127975
-171.4727188902765,48.06725351291863
-171.4626132462497,46.52830434782739
-171.452507602223,44.96291580746378
-171.4424019581963,43.37416656910688
-171.4322963141696,41.76564834923978
-171.4221906701429,40.14140148069976
-171.4120850261162,38.505844640738
-171.4019793820895,36.86370040474819
-171.3918737380627,35.21991828978302
-171.381768094036,33.5795969055796
-171.3716624500093,31.94790675190323
-171.3615568059826,30.33001509344255
-171.3514511619559,28.73101421157327
-171.3413455179292,27.15585418070722
-171.3312398739024,25.6092811504973
-171.3211342298757,24.09578193876681
-171.311028585849,22.61953555847376
-171.3009229418223,21.18437211990284
-171.2908172977956,19.79373937087921
-171.2807116537689,18.45067696699473
-171.2706060097422,17.15779840402169
-171.2605003657154,15.91728039872511
-171.2503947216887,14.73085937446091
-171.240289077662,13.59983459597264
-171.2301834336353,12.52507740479143
-171.2200777896086,11.50704593315968
-171.2099721455819,10.54580462045572
-171.1998665015551,9.641047821226538
-171.1897608575284,8.792126777234841
-171.1796552135017,7.998079226119558
-171.169549569475,7.257660934779345
-171.1594439254483,6.569378474604758
-171.1493382814216,5.931522596233808
-171.1392326373949,5.342201611521829
-171.1291269933681,4.799374247803247
-171.1190213493414,4.300881502214736
-171.1089157053147,3.844477089863218
-171.098810061288,3.427856147100631
-171.0887044172613,3.048681918417809
-171.0785987732346,2.704610220988626
-171.0684931292079,2.392909292881022
-171.0583874851811,2.111367742139652
-171.0482818411544,1.85901559771505
-171.0381761971277,1.63267283504101
-171.028070553101,1.430249508448923
-171.0179649090743,1.248535702966464
-171.0078592650476,1.088288014714977
-170.9977536210208,0.9461903775512251
-170.9876479769941,0.820549920272877
-170.9775423329674,0.709779231100173
-170.9674366889407,0.612397438473014
-170.957331044914,0.5270298840337484
-170.9472254008873,0.4524065822655767
-170.9371197568606,0.3873596549260946
-170.9270141128338,0.3308199193940138
-170.9169084688071,0.2818127988978228
-170.9068028247804,0.239453709853149
-170.8966971807537,0.202943067697903
-170.886591536727,0.1715610381323754
-170.8764858927003,0.1446621459461764
-170.8663802486736,0.1216698389925668
-170.8562746046468,0.1020710906460809
-170.8461689606201,0.08541111049031171
-170.8360633165934,0.0712882202165054
-170.8259576725667,0.05934893990886281
-170.81585202854,0.04928331914341525
-170.8057463845133,0.04082053768852664
-170.7956407404866,0.0337247920862449
-170.7855350964598,0.02779147700513502
-170.7754294524331,0.02284366395274395
-170.7653238084064,0.01872887466593627
-170.7552181643797,0.01531614219172757
-170.745112520353,0.01249334925119618
-170.7350068763263,0.01016483085920726
-170.7249012322995,0.008249226264377253
-170.7147955882728,0.006677563987821314
-170.7046899442461,0.005391562988527239
-170.6945843002194,0.004342132684192914
-170.6844786561927,0.00348805463071933
-170.674373012166,0.002794829039107619
-170.6642673681393,0.002233669919930154
-170.6541617241125,0.00178063343465813
-170.6440560800858,0.00101361444003023
-170.6339504360591,0
-18.32168366540641,0.0001267018050037788
-18.3115780213797,0.0001592282768303767
-18.30147237735298,0.0001995946015760809
-18.29136673332627,0.0002495563291004119
-18.28126108929955,0.0003112286642897102
-18.27115544527283,0.0003871522533792592
-18.26104980124612,0.0004803692468762753
-18.2509441572194,0.0005945108750395266
-18.24083851319269,0.0007338978455273932
-18.23073286916597,0.000903654934637211
-18.22062722513926,0.001109841189080917
-18.21052158111254,0.001359597179425488
-18.20041593708583,0.001914714353536846
-18.19031029305911,0.002343259175989103
-18.1802046490324,0.002860722517629864
-18.17009900500568,0.003483945011742585
-18.15999336097897,0.00423260836287437
-18.14988771695225,0.005129643882537952
-18.13978207292553,0.006201686294470684
-18.12967642889882,0.007479575376783162
-18.11957078487211,0.008998907688991697
-18.10946514084539,0.01080064020106608
-18.09935949681867,0.01293174708633685
-18.08925385279196,0.01544593024803552
-18.07914820876524,0.01840438330901324
-18.06904256473853,0.02187660779591724
-18.05893692071182,0.02594127908496877
-18.0488312766851,0.0306871583413047
-18.03872563265838,0.03621404517573102
-18.02861998863167,0.04263376406375012
-18.01851434460495,0.05007117572853772
-18.00840870057824,0.05866520269407604
-17.99830305655152,0.06856985608466667
-17.98819741252481,0.07995524850670854
-17.97809176849809,0.09300857552889708
-17.96798612447137,0.1079350459159987
-17.95788048044466,0.1249587384144667
-17.94777483641795,0.1443233605880504
-17.93766919239123,0.1662928830178718
-17.92756354836452,0.1911520201804005
-17.9174579043378,0.2192065275703204
-17.90735226031108,0.2507832832201694
-17.89724661628437,0.2862301207649989
-17.88714097225765,0.3259153806901147
-17.87703532823094,0.3702271464651167
-17.86692968420423,0.419572132987616
-17.85682404017751,0.4743741962101826
-17.84671839615079,0.5350724350720769
-17.83661275212408,0.6021188599609244
-17.82650710809736,0.6759756059337667
-17.81640146407065,0.7573650774712284
-17.80629582004393,0.8463176450875131
-17.79619017601722,0.9435083587795629
-17.7860845319905,1.049405931378274
-17.77597888796378,1.164468792855593
-17.76587324393707,1.289139587467161
-17.75576759991036,1.423839272627638
-17.74566195588364,1.568960863767523
-17.73555631185693,1.724862880344833
-17.72545066783021,1.891862559227075
-17.71534502380349,2.070228912592442
-17.70523937977678,2.260175718076735
-17.69513373575007,2.461854538848377
-17.68502809172335,2.675347880350091
-17.67492244769663,2.900662598316655
-17.66481680366992,3.137723679077817
-17.6547111596432,3.386368517804526
-17.64460551561649,3.646341822990028
-17.63449987158977,3.91729127583256
-17.62439422756306,4.198764071091267
-17.61428858353634,4.490204461248076
-17.60418293950963,4.790952418299281
-17.59407729548291,5.100243517147875
-17.5839716514562,5.41721013135899
-17.57386600742948,5.7410107178335
-17.56376036340276,6.070359562098148
-17.55365471937605,6.404202753657199
-17.54354907534933,6.741302027637877
-17.53344343132262,7.080343853403872
-17.5233377872959,7.419949404819636
-17.51323214326919,7.758685907628045
-17.50312649924247,8.095079268623612
-17.49302085521576,8.427627863239445
-17.48291521118904,8.754817330796572
-17.47280956716233,9.075136200617454
-17.46270392313561,9.387345551726696
-17.4525982791089,9.689547115034262
-17.44249263508218,9.980541046441333
-17.43238699105547,10.25899636513278
-17.42228134702875,10.52366858048318
-17.41217570300203,10.7734155869506
-17.40207005897532,11.01221503528098
-17.3919644149486,11.23913524852383
-17.38185877092189,11.4483481931334
-17.37175312689518,11.63918425828438
-17.36164748286846,11.81113984491039
-17.35154183884174,11.96388522418557
-17.34143619481503,12.09727013755001
-17.33133055078831,12.21132699921881
-17.3212249067616,12.30627160245086
-17.31111926273488,12.38250127430721
-17.30101361870817,12.44059046932553
-17.29090797468145,12.48128383951817
-17.28080233065474,12.51549157014023
-17.27069668662802,12.54419177810705
-17.26059104260131,12.55841767734245
-17.25048539857459,12.5593297111166
-17.24037975454788,12.5481953437006
-17.23027411052116,12.52662550420507
-17.22016846649445,12.49560789332348
-17.21006282246773,12.45682892985482
-17.19995717844101,12.41180791141835
-17.1898515344143,12.36207851353655
-17.17974589038759,12.30916931591762
-17.16964024636087,12.25458481761764
-17.15953460233415,12.20004066971286
-17.14942895830744,12.1464980632265
-17.13932331428072,12.09548902257445
-17.12921767025401,12.04825610361801
-17.11911202622729,12.00594149781316
-17.10900638220058,11.969577063808
-17.09890073817386,11.94007653963015
-17.08879509414714,11.91823001571321
-17.07868945012043,11.90470070001751
-17.06858380609372,11.90002395736304
-17.058478162067,11.90460855703286
-17.04837251804029,11.91874001691567
-17.03826687401357,11.94258589007189
-17.02816122998685,11.97620280166971
-17.01805558596014,12.01954501166547
-17.00794994193343,12.07247425216607
-16.99784429790671,12.13477056870663
-16.98773865387999,12.20614388211301
-16.97763300985328,12.28624598239877
-16.96752736582656,12.37468266826841
-16.95742172179985,12.4710257550494
-16.94731607777313,12.57482468984242
-16.93721043374642,12.68561753475904
-16.9271047897197,12.80294110653776
-16.91699914569299,12.9263400926743
-16.90689350166627,13.05537499943816
-16.89678785763956,13.1996335294479
-16.88668221361284,13.35864998607111
-16.87657656958613,13.52191020326477
-16.86647092555941,13.68894199088867
-16.85636528153269,13.85931357504376
-16.84625963750598,14.03263540873269
-16.83615399347926,14.20856071868217
-16.82604834945255,14.38678488439727
-16.81594270542584,14.56704376623892
-16.80583706139912,14.74911111490882
-16.7957314173724,14.93279520497044
-16.78562577334569,15.11793483990319
-16.77552012931897,15.30439487584713
-16.76541448529226,15.49206140599483
-16.75530884126555,15.68083673804485
-16.74520319723883,15.87063428390992
-16.73509755321211,16.06137346475557
-16.72499190918539,16.25297471630268
-16.71488626515868,16.44535466008338
-16.70478062113197,16.63842148693534
-16.69467497710525,16.83207058037322
-16.68456933307854,17.02618039045245
-16.67446368905182,17.22060855410882
-16.6643580450251,17.41518824636866
-16.65425240099839,17.61472709117452
-16.64414675697168,17.81896093688869
-16.63404111294496,18.02255123279157
-16.62393546891824,18.22512597377364
-16.61382982489153,18.4265288188713
-16.60372418086481,18.62586865991848
-16.5936185368381,18.82285874963718
-16.58351289281138,19.01696864839208
-16.57340724878467,19.20762380697287
-16.56330160475795,19.39420418359635
-16.55319596073124,19.57604308930909
-16.54309031670452,19.7625577549884
-16.53298467267781,19.95268870323094
-16.52287902865109,20.13557130211271
-16.51277338462437,20.31020122992369
-16.50266774059766,20.47553380725568
-16.49256209657095,20.63048829537446
-16.48245645254423,20.77410594448494
-16.47235080851751,20.90503082310183
-16.4622451644908,21.02218756268664
-16.45213952046408,21.12441768150413
-16.44203387643737,21.21056355679545
-16.43192823241065,21.27947906677958
-16.42182258838394,21.33004128410941
-16.41171694435722,21.36116314649016
-16.40161130033051,21.3718069968717
-16.39150565630379,21.36112555438674
-16.38140001227708,21.32838256476942
-16.37129436825036,21.27221561017741
-16.36118872422365,21.19203855427632
-16.35108308019693,21.08773429426441
-16.34097743617022,20.95863062664643
-16.3308717921435,20.80446329338123
-16.32076614811679,20.62513615436112
-16.31066050409007,20.43073828977979
-16.30055486006335,20.22146903409441
-16.29044921603664,19.98764822570866
-16.28034357200993,19.72981143275354
-16.27023792798321,19.44871239760076
-16.26013228395649,19.14532783939866
-16.25002663992978,18.82085975353186
-16.23992099590306,18.48673979886998
-16.22981535187635,18.14454036963735
-16.21970970784963,17.78596985794121
-16.20960406382292,17.41295211368148
-16.1994984197962,17.02761260865412
-16.18939277576949,16.63226671912223
-16.17928713174277,16.22940554434442
-16.16918148771606,15.82167942218768
-16.15907584368934,15.4118793375639
-16.14897019966262,15.00291644912328
-16.13886455563591,14.59779998390139
-16.1287589116092,14.19961376811772
-16.11865326758248,13.81149167491436
-16.10854762355576,13.43659227653568
-16.09844197952905,13.07807298948731
-16.08833633550233,12.73906399693336
-16.07823069147562,12.4226422234893
-16.06812504744891,12.131805624249
-16.05801940342219,11.86944803304081
-16.04791375939547,11.63833479528506
-16.03780811536875,11.44107938920144
-16.02770247134204,11.28012121626434
-16.01759682731533,11.15770471847604
-16.00749118328861,11.075859956919
-15.9973855392619,11.03638476378402
-15.98727989523518,11.04082855918658
-15.97717425120847,11.09027677975468
-15.96706860718175,11.186184625934
-15.95696296315504,11.32902538170049
-15.94685731912832,11.51923008746027
-15.93675167510161,11.75692711734225
-15.92664603107489,12.0419370422764
-15.91654038704817,12.37376938232599
-15.90643474302146,12.75162125152647
-15.89632909899474,13.17437789607174
-15.88622345496803,13.64061512528643
-15.87611781094131,14.14860363399504
-15.8660121669146,14.69631521420107
-15.85590652288788,15.28143085298201
-15.84580087886117,15.90160411537915
-15.83569523483445,16.55352443588868
-15.82558959080774,17.23427177572152
-15.81548394678102,17.94048587736208
-15.80537830275431,18.66858487946173
-15.79527265872759,19.41478460662556
-15.78516701470087,20.17537301721392
-15.77506137067416,20.9457843806418
-15.76495572664744,21.72221798105412
-15.75485008262073,22.49986913439498
-15.74474443859401,23.27449866368545
-15.7346387945673,24.04151473581017
-15.72453315054058,24.79662714638687
-15.71442750651387,25.53520783421386
-15.70432186248715,26.25279693144207
-15.69421621846044,26.95501310381813
-15.68411057443372,27.63750029469051
-15.67400493040701,28.28596144403469
-15.66389928638029,28.89640559438154
-15.65379364235358,29.46482955110594
-15.64368799832686,29.98744714973089
-15.63358235430015,30.4610951486242
-15.62347671027343,30.8872679695038
-15.61337106624672,31.2637207381193
-15.60326542222,31.58273213781828
-15.59315977819329,31.84222146386492
-15.58305413416657,32.04051501024747
-15.57294849013986,32.17636510207367
-15.56284284611314,32.25897046562874
-15.55273720208642,32.2879023784186
-15.54263155805971,32.25311394172267
-15.53252591403299,32.15503231321436
-15.52242027000628,31.99455623552093
-15.51231462597957,31.77305410654792
-15.50220898195285,31.49235784760456
-15.49210333792613,31.1547525805787
-15.48199769389942,30.76296217607434
-15.4718920498727,30.32513313678187
-15.46178640584599,29.8597763663411
-15.45168076181927,29.36561279258587
-15.44157511779256,28.83158937767022
-15.43146947376584,28.26223039777007
-15.42136382973912,27.66165024986208
-15.41125818571241,27.03486018647218
-15.4011525416857,26.38688548013873
-15.39104689765898,25.72272701275487
-15.38094125363227,25.04816764060726
-15.37083560960555,24.3683900366536
-15.36072996557883,23.68888313314988
-15.35062432155212,23.01539947431782
-15.3405186775254,22.35296385232706
-15.33041303349869,21.70717165926349
-15.32030738947197,21.08309943659343
-15.31020174544526,20.48631140683137
-15.30009610141854,19.92147887912081
-15.28999045739183,19.39329071875025
-15.27988481336511,18.90616370610523
-15.2697791693384,18.46420842769722
-15.25967352531168,18.07119754828111
-15.24956788128497,17.73053669520825
-15.23946223725825,17.44523816484711
-15.22935659323153,17.21789763998402
-15.21925094920482,17.0506740867271
-15.20914530517811,16.94539968140647
-15.19903966115139,16.9030922124453
-15.18893401712467,16.92461580205358
-15.17882837309796,17.0102516637848
-15.16872272907124,17.15979636244918
-15.15861708504453,17.37269000553588
-15.14851144101781,17.64754727673748
-15.1384057969911,17.98283705620532
-15.12830015296438,18.37647223831836
-15.11819450893767,18.82592710136692
-15.10808886491095,19.32825783592719
-15.09798322088424,19.88012669644953
-15.08787757685752,20.47782964485954
-15.07777193283081,21.11732731962022
-15.06766628880409,21.79427912639126
-15.05756064477738,22.5040802075806
-15.04745500075066,23.24190100829609
-15.03734935672395,24.00272911618727
-15.02724371269723,24.78141301325383
-15.01713806867052,25.57270733982316
-15.0070324246438,26.37131923557158
-14.99692678061708,27.17195529072952
-14.98682113659037,27.96936861353013
-14.97671549256365,28.75840549856073
-14.96660984853694,29.53405116592722
-14.95650420451022,30.29147403390812
-14.94639856048351,31.02606798879468
-14.93629291645679,31.7334921254549
-14.92618727243008,32.41971215599384
-14.91608162840336,33.08094767327083
-14.90597598437665,33.70370235654861
-14.89587034034993,34.28487670735476
-14.88576469632322,34.82178541330634
-14.8756590522965,35.31217436452263
-14.86555340826978,35.76423708455132
-14.85544776424307,36.1765350812419
-14.84534212021635,36.54800427309802
-14.83523647618964,36.87795214736538
-14.82513083216292,37.15604571049884
-14.81502518813621,37.3823856964646
-14.80491954410949,37.55748500028506
-14.79481390008278,37.68224695620262
-14.78470825605606,37.75793912082308
-14.77460261202935,37.78596187499717
-14.76449696800263,37.76866100115981
-14.75439132397592,37.7079500109671
-14.7442856799492,37.61122193594284
-14.73418003592249,37.48601444154315
-14.72407439189577,37.32992539687893
-14.71396874786906,37.14561728012326
-14.70386310384234,36.93567407169007
-14.69375745981563,36.69798324984428
-14.68365181578891,36.4350713956939
-14.67354617176219,36.14954120607159
-14.66344052773548,35.84391233915754
-14.65333488370877,35.52059186108514
-14.64322923968205,35.18164683967122
-14.63312359565533,34.82962804146806
-14.62301795162862,34.46621017703679
-14.6129123076019,34.09312560360505
-14.60280666357519,33.71190009876491
-14.59270101954847,33.32384608176685
-14.58259537552176,32.93005981417549
-14.57248973149504,32.53142244674074
-14.56238408746833,32.12860471607078
-14.55227844344161,31.72197447519486
-14.5421727994149,31.31172939314552
-14.53206715538818,30.89851006327187
-14.52196151136147,30.48187933879937
-14.51185586733475,30.07164159397563
-14.50175022330803,29.66739664423373
-14.49164457928132,29.25856178565704
-14.4815389352546,28.84448141332074
-14.47143329122789,28.42444624780898
-14.46132764720118,27.99771708026879
-14.45122200317446,27.56354793278986
-14.44111635914774,27.12120826736225
-14.43101071512103,26.68000861829392
-14.42090507109431,26.23923402483648
-14.4107994270676,25.78816254738435
-14.40069378304088,25.32616865031384
-14.39058813901417,24.85273373535438
-14.38048249498745,24.36745901942692
-14.37037685096074,23.87007595864201
-14.36027120693402,23.36045417038687
-14.35016556290731,22.83860684876488
-14.34005991888059,22.30469370920761
-14.32995427485388,21.75902153531309
-14.31984863082716,21.20204243444512
-14.30974298680044,20.63434993804737
-14.29963734277373,20.05667310778557
-14.28953169874701,19.4748711818373
-14.2794260547203,18.88988129260219
-14.26932041069358,18.29770823071652
-14.25921476666687,17.69945646541635
-14.24910912264015,17.09631586278373
-14.23900347861344,16.49455132844917
-14.22889783458672,15.89544656062
-14.21879219056001,15.29529087879586
-14.20868654653329,14.69540931394384
-14.19858090250658,14.09714736448549
-14.18847525847986,13.50185824403451
-14.17836961445315,12.91089041639664
-14.16826397042643,12.32557555394703
-14.15815832639972,11.74721704302673
-14.148052682373,11.17707914701492
-14.13794703834629,10.61637692438488
-14.12784139431957,10.06626698546628
-14.11773575029285,9.527839157927188
-14.10763010626614,9.002109117257708
-14.09752446223943,8.490012024878771
-14.08741881821271,7.992397203006173
-14.07731317418599,7.510023862165034
-14.06720753015928,7.043557884367603
-14.05710188613256,6.593569652537131
-14.04699624210585,6.160532904884441
-14.03689059807913,5.744824581727449
-14.02678495405242,5.346725621793948
-14.0166793100257,4.966422655470058
-14.00657366599899,4.603809408598003
-13.99646802197227,4.259336399794223
-13.98636237794556,3.932674069223779
-13.97625673391884,3.623666010872515
-13.96615108989213,3.332080756668302
-13.95604544586541,3.057617395902345
-13.94593980183869,2.799710414389071
-13.93583415781198,2.558382318196172
-13.92572851378526,2.332708044026496
-13.91562286975855,2.122616476876942
-13.90551722573183,1.927302740654587
-13.89541158170512,1.746183308920754
-13.8853059376784,1.578648996093555
-13.87520029365169,1.42407113680454
-13.86509464962497,1.281807495325696
-13.85498900559826,1.151207857633979
-13.84488336157154,1.031619266059216
-13.83477771754483,0.9223908640215356
-13.82467207351811,0.822777763327372
-13.81456642949139,0.7322676797933849
-13.80446078546468,0.6503372593227736
-13.79435514143796,0.576158511102726
-13.78424949741125,0.5093723191708667
-13.77414385338454,0.449293599053569
-13.76403820935782,0.3953874736271233
-13.7539325653311,0.3471440524817779
-13.74382692130439,0.3040795234116497
-13.73372127727767,0.2657368814019077
-13.72361563325096,0.2316863245074375
-13.71350998922424,0.2015253475612295
-13.70340434519753,0.1748785655539202
-13.69329870117081,0.1513972988320585
-13.6831930571441,0.1307589520243757
-13.67308741311738,0.1126662178819009
-13.66298176909067,0.09684613607297431
-13.65287612506395,0.08304903547442924
-13.64277048103724,0.07104738671231918
-13.63266483701052,0.06063458969541378
-13.62255919298381,0.05162371871545991
-13.61245354895709,0.04384624541926084
-13.60234790493038,0.03715075764345854
-13.59224226090366,0.03120056453788407
-13.58213661687694,0.02631885304295
-13.57203097285023,0.02214661995541729
-13.56192532882351,0.0185901410184821
-13.5518196847968,0.01556651674215528
-13.54171404077008,0.01300267056923877
-13.53160839674337,0.01083440090513942
-13.52150275271665,0.009005490551189366
-13.51139710868994,0.007265750423046484
-13.50129146466322,0.006016650119308721
-13.49118582063651,0.004969748213720438
-13.48108017660979,0.004094673542622679
-13.47097453258308,0.003365188249114913
-13.46086888855636,0.002758700467855743
-13.45076324452965,0.002255821618568815
-13.44065760050293,0.001839966426301763
-13.43055195647622,0.001496993442460176
-13.4204463124495,0.001214883598926921
-13.41034066842279,0.0009834541746278052
-13.40023502439607,0.0007941054766156076
-13.39012938036936,0.000639597523706652
-13.38002373634264,0.000513854058383038
-13.36991809231592,0.0003112286642897102
-13.35981244828921,0.0002495563291004119
-13.34970680426249,0.0001995946015760809
-13.33960116023578,0.0001592282768303767
-13.32949551620906,0.0001267018050037788
-13.31938987218235,0
-9.519667718137404,0.0001267018050037788
-9.509562074110686,0.0001592282768303767
-9.499456430083972,0.0001995946015760809
-9.489350786057258,0.0002495563291004119
-9.479245142030541,0.0003112286642897102
-9.469139498003827,0.0003871522533792592
-9.459033853977111,0.0004803692468762753
-9.448928209950395,0.0005945108750395266
-9.438822565923681,0.0007338978455273932
-9.428716921896966,0.000903654934637211
-9.41861127787025,0.001109841189080917
-9.408505633843534,0.001359597179425488
-9.39839998981682,0.001661310743529289
-9.388294345790104,0.00202480262232835
-9.378188701763388,0.002461533314477702
-9.368083057736674,0.002984832353541761
-9.357977413709959,0.003863554644302507
-9.347871769683243,0.004673795929440187
-9.337766125656527,0.005640137003870296
-9.327660481629811,0.006789666284904932
-9.317554837603097,0.008153569326516329
-9.307449193576382,0.009767634838550178
-9.297343549549666,0.01192620681193512
-9.287237905522952,0.01423421419292434
-9.277132261496236,0.0169487467161616
-9.26702661746952,0.02013342507873579
-9.256920973442806,0.02386035216275462
-9.246815329416089,0.02821099249983067
-9.236709685389375,0.03327710308795225
-9.226604041362661,0.03941511591693457
-9.216498397335943,0.04629859900077239
-9.206392753309229,0.05426025922017793
-9.196287109282514,0.0634467291937454
-9.186181465255798,0.07402091828211449
-9.176075821229084,0.08616326770780042
-9.165970177202368,0.1000730251294471
-9.155864533175652,0.1159695271454656
-9.145758889148938,0.1343468801572585
-9.135653245122223,0.1550266560137202
-9.125547601095507,0.1785000550232
-9.115441957068791,0.2050827676184355
-9.105336313042077,0.2351173037673541
-9.095230669015361,0.2689741191701117
-9.085125024988645,0.3070526428635126
-9.075019380961932,0.3497821843753258
-9.064913736935214,0.3978761010737695
-9.0548080929085,0.4513838330576947
-9.044702448881784,0.5110322499634248
-9.034596804855068,0.5773795337798823
-9.024491160828354,0.6511430625339164
-9.014385516801639,0.7327249347807359
-9.004279872774923,0.8228819707502117
-8.994174228748209,0.9223017912242838
-8.984068584721493,1.031702345448737
-8.973962940694777,1.151830540871431
-8.963857296668063,1.283460516991512
-8.953751652641346,1.427391544251735
-8.943646008614632,1.584445530424287
-8.933540364587918,1.755464118713568
-8.9234347205612,1.941305363841371
-8.913329076534486,2.142839974707627
-8.903223432507771,2.36094711485273
-8.893117788481055,2.596509754907168
-8.883012144454341,2.850409574523807
-8.872906500427625,3.123521414970893
-8.862800856400909,3.416707287642275
-8.852695212374194,3.730809948234019
-8.84258956834748,4.066646051258344
-8.832483924320764,4.425252308532654
-8.822378280294048,4.806929308744238
-8.812272636267334,5.212574499250753
-8.802166992240618,5.642827618243563
-8.792061348213903,6.098263411777935
-8.781955704187189,6.579383038904152
-8.771850060160471,7.086605352599126
-8.761744416133757,7.620258126575162
-8.751638772107041,8.180569305609865
-8.741533128080325,8.767658364389183
-8.731427484053611,9.381527866810867
-8.721321840026896,10.02205532406856
-8.71121619600018,10.68898545542569
-8.701110551973466,11.38192296018446
-8.69100490794675,12.10032591274871
-8.680899263920034,12.84349989466378
-8.67079361989332,13.6105929778998
-8.660687975866603,14.40059167225008
-8.650582331839889,15.21231794639726
-8.640476687813173,16.04442742683877
-8.630371043786457,16.89540887138553
-8.620265399759743,17.76358500432102
-8.610159755733028,18.64711478855115
-8.600054111706312,19.54899954865416
-8.589948467679598,20.46704532347563
-8.579842823652882,21.39387024080318
-8.569737179626166,22.32695691465978
-8.559631535599451,23.26366107270981
-8.549525891572737,24.20122403205566
-8.539420247546021,25.1367866013841
-8.529314603519305,26.0674043191804
-8.519208959492591,26.99006391763018
-8.509103315465874,27.90170088263741
-8.49899767143916,28.7992179624646
-8.488892027412446,29.67950446118982
-8.478786383385728,30.53945613879296
-8.468680739359014,31.3759955275134
-8.458575095332298,32.18609246440749
-8.448469451305582,32.96678463297382
-8.438363807278868,33.72520260724806
-8.428258163252153,34.45850385138488
-8.418152519225437,35.15389299212451
-8.408046875198723,35.8087281401346
-8.397941231172007,36.42066219988727
-8.387835587145291,36.98718659570443
-8.377729943118576,37.51632294100482
-8.36762429909186,38.00612875157437
-8.357518655065146,38.44481195686731
-8.34741301103843,38.83082972134542
-8.337307367011714,39.16302115796056
-8.327201722985,39.44014145815377
-8.317096078958285,39.66153837294949
-8.306990434931569,39.8367373113516
-8.296884790904853,39.96545708584262
-8.286779146878139,40.03760951176125
-8.276673502851423,40.05338344334068
-8.266567858824708,40.01323575396457
-8.256462214797994,39.91788466402438
-8.246356570771278,39.76830081293286
-8.236250926744562,39.56569620746236
-8.226145282717848,39.32164261409561
-8.216039638691131,39.03762326620378
-8.205933994664417,38.70521367604516
-8.195828350637703,38.32639912504781
-8.185722706610985,37.9032305367634
-8.175617062584271,37.43790736379603
-8.165511418557555,36.9327592603025
-8.155405774530839,36.39022734857424
-8.145300130504125,35.82285003257407
-8.13519448647741,35.23341167384032
-8.125088842450694,34.6139765292885
-8.11498319842398,33.96729963173129
-8.104877554397264,33.30096286636237
-8.094771910370548,32.61751886156834
-8.084666266343833,31.91473164940133
-8.074560622317117,31.19465996449384
-8.064454978290403,30.45998596487915
-8.054349334263687,29.71316034366138
-8.044243690236971,28.9568496968927
-8.034138046210257,28.192982127185
-8.024032402183542,27.42408365035191
-8.013926758156826,26.65242860133759
-8.00382111413011,25.88023875037067
-7.993715470103395,25.10968237898432
-7.983609826076681,24.34287432224874
-7.973504182049965,23.58187684101575
-7.96339853802325,22.82870117398573
-7.953292893996534,22.08530960903433
-7.943187249969819,21.3536179067118
-7.933081605943104,20.6354979062838
-7.922975961916388,19.9327801461486
-7.912870317889674,19.25726104066149
-7.902764673862959,18.61061912553441
-7.892659029836243,17.98441775941946
-7.882553385809528,17.3801941391152
-7.872447741782811,16.79945695871952
-7.862342097756096,16.24368792757758
-7.852236453729383,15.7143423468871
-7.842130809702666,15.21284867530101
-7.832025165675951,14.74060704050025
-7.821919521649235,14.29898668057518
-7.81181387762252,13.88932232544597
-7.801708233595805,13.51290955379445
-7.79160258956909,13.17099918444798
-7.781496945542375,12.86479078229364
-7.77139130151566,12.59542537714108
-7.761285657488944,12.36397750912646
-7.751180013462229,12.17144672600005
-7.741074369435513,12.01874866582569
-7.730968725408799,11.90670586321928
-7.720863081382084,11.83603841836114
-7.710757437355367,11.80735466583984
-7.700651793328652,11.82114197523184
-7.690546149301938,11.87775780758888
-7.680440505275222,11.97732057953744
-7.670334861248507,12.12012476372147
-7.660229217221791,12.30596292254639
-7.650123573195076,12.53471983072145
-7.640017929168361,12.80576533324644
-7.629912285141645,13.11861941111691
-7.619806641114931,13.47252441995413
-7.609700997088214,13.86654192875274
-7.5995953530615,14.29954985904216
-7.589489709034785,14.77024050775085
-7.579384065008068,15.27711947121204
-7.569278420981354,15.81850548677156
-7.55917277695464,16.3925312096188
-7.549067132927923,16.99714494554002
-7.538961488901208,17.63011336496366
-7.528855844874492,18.28902522950433
-7.518750200847777,18.97109504345947
-7.508644556821062,19.67401532621047
-7.498538912794347,20.39462276890699
-7.488433268767632,21.1301084866187
-7.478327624740917,21.88208134416551
-7.468221980714201,22.64692821830699
-7.458116336687486,23.41612020870313
-7.44801069266077,24.18647153173764
-7.437905048634056,24.95401371141761
-7.427799404607341,25.71496197800163
-7.417693760580624,26.47048353352739
-7.407588116553909,27.21667536878527
-7.397482472527193,27.94471365348486
-7.387376828500479,28.65024581364743
-7.377271184473764,29.32993080355848
-7.367165540447048,29.97970193113828
-7.357059896420333,30.59584385251091
-7.346954252393618,31.17476773200731
-7.336848608366902,31.71304025768706
-7.326742964340188,32.20741283651927
-7.316637320313471,32.65485066840968
-7.306531676286757,33.05736260022012
-7.296426032260042,33.41783474983701
-7.286320388233325,33.72867384786965
-7.276214744206611,33.98282543248074
-7.266109100179895,34.17858626411283
-7.25600345615318,34.31462482763548
-7.245897812126465,34.39000144162998
-7.235792168099749,34.40418525191689
-7.225686524073034,34.35686664261143
-7.215580880046319,34.25881811653463
-7.205475236019604,34.11047326323766
-7.195369591992889,33.90287788557555
-7.185263947966172,33.63742108359658
-7.175158303939458,33.31624833577757
-7.165052659912743,32.95158575848745
-7.154947015886027,32.54611388734669
-7.144841371859313,32.09282285066852
-7.134735727832598,31.59507674667384
-7.124630083805881,31.06658787606204
-7.114524439779166,30.51155447553044
-7.10441879575245,29.92367971036228
-7.094313151725736,29.30756373699035
-7.084207507699021,28.66781493120132
-7.074101863672305,28.0092108238535
-7.06399621964559,27.33665584529694
-7.053890575618874,26.6551374905951
-7.043784931592159,25.96968141341591
-7.033679287565445,25.28530596907496
-7.023573643538728,24.60697673141808
-7.013467999512014,23.93956150421681
-7.003362355485299,23.28778633589895
-6.993256711458582,22.65599190203535
-6.983151067431868,22.04893937115142
-6.973045423405152,21.47043139921118
-6.962939779378437,20.92422540088236
-6.952834135351722,20.41374798537156
-6.942728491325006,19.94206623871082
-6.932622847298291,19.51186271615051
-6.922517203271576,19.12541436476713
-6.912411559244861,18.78457554879496
-6.902305915218146,18.49076530287089
-6.892200271191429,18.24495889195985
-6.882094627164715,18.04768371170434
-6.871988983138,17.89901951969971
-6.861883339111284,17.79860294700038
-6.85177769508457,17.74588960377585
-6.841672051057853,17.73934498577411
-6.831566407031138,17.77732780543313
-6.821460763004423,17.8579345384212
-6.811355118977708,17.9788013756809
-6.801249474950993,18.1372320738446
-6.791143830924277,18.33022822802318
-6.781038186897562,18.55452222936213
-6.770932542870847,18.8066125839087
-6.760826898844131,19.08280124769879
-6.750721254817416,19.37923261300848
-6.740615610790701,19.69193376259247
-6.730509966763986,20.02185794509924
-6.720404322737271,20.36488319174078
-6.710298678710555,20.71185441493308
-6.700193034683839,21.05866854920237
-6.690087390657125,21.40131351823382
-6.67998174663041,21.73590824459143
-6.669876102603694,22.05874090557427
-6.659770458576979,22.36655840675771
-6.649664814550263,22.65565129050122
-6.639559170523548,22.9232251588461
-6.629453526496833,23.16683490484229
-6.619347882470118,23.38366085040096
-6.609242238443402,23.57186933118953
-6.599136594416687,23.72978187529369
-6.589030950389972,23.85608759063702
-6.578925306363256,23.94984999614106
-6.568819662336541,24.02051407541475
-6.558714018309827,24.07772237414468
-6.548608374283111,24.11164674025921
-6.538502730256395,24.11239596903314
-6.52839708622968,24.08056035752413
-6.518291442202965,24.01706544241446
-6.50818579817625,23.92315349789225
-6.498080154149534,23.80026114286993
-6.487974510122819,23.65041775204263
-6.477868866096103,23.48055004173575
-6.467763222069388,23.29288398710374
-6.457657578042673,23.08478757542901
-6.447551934015958,22.85878256333479
-6.437446289989242,22.61751025394727
-6.427340645962528,22.36369944083625
-6.417235001935812,22.10013463395616
-6.407129357909096,21.82962501374981
-6.397023713882382,21.55497452934946
-6.386918069855667,21.27885295600555
-6.376812425828951,21.00409200761463
-6.366706781802236,20.73341371857915
-6.35660113777552,20.46921230446758
-6.346495493748805,20.21388231277199
-6.33638984972209,19.96967512480139
-6.326284205695375,19.73868484339432
-6.316178561668659,19.52283685942641
-6.306072917641943,19.32387903773927
-6.295967273615229,19.14317428820706
-6.285861629588513,18.98254302054568
-6.275755985561798,18.84292050538982
-6.265650341535083,18.72530567331534
-6.255544697508368,18.63050964137483
-6.245439053481652,18.55895795488569
-6.235333409454937,18.51154153042466
-6.225227765428222,18.48828125241181
-6.215122121401507,18.48928272378718
-6.205016477374791,18.51428834181037
-6.194910833348076,18.57353521088435
-6.18480518932136,18.66633518058415
-6.174699545294645,18.78203113292852
-6.16459390126793,18.91983791016987
-6.154488257241215,19.07884560112588
-6.144382613214499,19.25802703064772
-6.134276969187784,19.45624469766431
-6.124171325161069,19.67225714738348
-6.114065681134353,19.90472479668747
-6.103960037107639,20.15234196424936
-6.093854393080923,20.41336749789809
-6.083748749054208,20.68629983371832
-6.073643105027493,20.96945822999744
-6.063537461000777,21.2613411059974
-6.053431816974062,21.55968193242959
-6.043326172947347,21.86279485027445
-6.033220528920632,22.16873341080661
-6.023114884893916,22.47549736284043
-6.0130092408672,22.78103896400762
-6.002903596840486,23.0832700551981
-5.99279795281377,23.38006999389887
-5.982692308787055,23.66929452099125
-5.97258666476034,23.9487856119162
-5.962481020733624,24.21638233757136
-5.952375376706909,24.46993273344508
-5.942269732680194,24.70730664790414
-5.932164088653479,24.9364142175942
-5.922058444626763,25.16013690391943
-5.911952800600048,25.36630084140102
-5.901847156573333,25.54778110914254
-5.891741512546617,25.7025591949623
-5.881635868519902,25.82873999208316
-5.871530224493188,25.92457104496416
-5.861424580466472,25.98846143456765
-5.851318936439756,26.01900003849736
-5.841213292413041,26.01509960045173
-5.831107648386326,25.97553865900178
-5.82100200435961,25.8999002144906
-5.810896360332896,25.7871125787888
-5.80079071630618,25.63732536368642
-5.790685072279464,25.45040192463899
-5.78057942825275,25.22660179716498
-5.770473784226034,24.96645857873654
-5.760368140199319,24.67078193456929
-5.750262496172604,24.34065692667549
-5.740156852145889,23.98769871026323
-5.730051208119173,23.61313856811267
-5.719945564092457,23.20868260513858
-5.709839920065742,22.78641682099352
-5.699734276039027,22.34848216087911
-5.689628632012312,21.88716123911739
-5.679522987985597,21.40494893972677
-5.669417343958881,20.90453005637541
-5.659311699932166,20.38875946906845
-5.649206055905451,19.86043922357122
-5.639100411878736,19.32294026643826
-5.62899476785202,18.78018976134657
-5.618889123825305,18.23435549216631
-5.60878347979859,17.68919587311169
-5.598677835771874,17.14808628027287
-5.588572191745159,16.61439357354563
-5.578466547718444,16.09144843773111
-5.568360903691729,15.58251812977944
-5.558255259665013,15.09067940179165
-5.548149615638298,14.61921624868366
-5.538043971611582,14.17092539613811
-5.527938327584867,13.74856819558878
-5.517832683558153,13.3549768639083
-5.507727039531437,12.99208762528288
-5.497621395504721,12.66226573415209
-5.487515751478007,12.36744580690366
-5.477410107451291,12.10932239349599
-5.467304463424576,11.88959564725226
-5.457198819397861,11.70901791616298
-5.447093175371146,11.56873275107127
-5.43698753134443,11.46942956536971
-5.426881887317714,11.41154867913131
-5.416776243290999,11.39554140507151
-5.406670599264284,11.42093079883972
-5.396564955237569,11.48766437079129
-5.386459311210854,11.59528180085909
-5.376353667184138,11.74313220423526
-5.366248023157422,11.93039202679821
-5.356142379130708,12.15608439953859
-5.346036735103993,12.41909963341096
-5.335931091077277,12.71821651792198
-5.325825447050562,13.05212407352478
-5.315719803023847,13.419443399889
-5.305614158997131,13.8187492596769
-5.295508514970416,14.24859104082133
-5.285402870943701,14.70751274963946
-5.275297226916986,15.1939972790468
-5.26519158289027,15.70698231006516
-5.255085938863555,16.24473082616596
-5.244980294836839,16.80604010117277
-5.234874650810124,17.38967649950881
-5.22476900678341,17.99448435829823
-5.214663362756694,18.61939166411589
-5.204557718729978,19.26341301621783
-5.194452074703263,19.92564985725713
-5.184346430676548,20.61029035786262
-5.174240786649833,21.31656137500985
-5.164135142623118,22.03872138751939
-5.154029498596402,22.77609458884621
-5.143923854569687,23.53806229577424
-5.133818210542971,24.3239642665416
-5.123712566516256,25.12308540261648
-5.113606922489541,25.93498154976213
-5.103501278462826,26.75851182062522
-5.093395634436111,27.59329128162063
-5.083289990409395,28.43835521288854
-5.073184346382679,29.29301581648403
-5.063078702355965,30.15642469516993
-5.05297305832925,31.0276599588206
-5.042867414302534,31.90571395157918
-5.032761770275819,32.78948245515305
-5.022656126249103,33.67788233033521
-5.012550482222388,34.56929571130609
-5.002444838195673,35.46250707190875
-4.992339194168958,36.3560301962064
-4.982233550142242,37.24806351744871
-4.972127906115527,38.13681384082835
-4.962022262088812,39.02037431361839
-4.951916618062096,39.89673143112697
-4.941810974035381,40.76377427664418
-4.931705330008667,41.6193058538008
-4.921599685981951,42.46605868500081
-4.911494041955235,43.3016667980668
-4.90138839792852,44.12868733312133
-4.891282753901805,44.9445761695108
-4.88117710987509,45.73670604864154
-4.871071465848375,46.50247454694175
-4.860965821821659,47.2393216874213
-4.850860177794943,47.94475220001075
-4.840754533768228,48.61635741459034
-4.830648889741513,49.2518364936621
-4.820543245714798,49.8588203140456
-4.810437601688083,50.44065342382451
-4.800331957661368,50.98502893466381
-4.790226313634652,51.48484054003429
-4.780120669607936,51.93883112010272
-4.770015025581221,52.34551831925713
-4.759909381554507,52.70320790184284
-4.749803737527791,53.0110924305036
-4.739698093501076,53.26854051423123
-4.72959244947436,53.47483028248772
-4.719486805447645,53.6298241517309
-4.70938116142093,53.75355705076277
-4.699275517394215,53.84616485834408
-4.689169873367499,53.88788383069347
-4.679064229340784,53.87922160834129
-4.668958585314069,53.82094475097151
-4.658852941287353,53.71407348761483
-4.648747297260638,53.55987430449073
-4.638641653233923,53.35985041555202
-4.628536009207208,53.1157301744697
-4.618430365180492,52.82945350126909
-4.608324721153777,52.50315641230141
-4.598219077127061,52.1491584636234
-4.588113433100347,51.77011130020186
-4.578007789073632,51.35803061267041
-4.567902145046916,50.91570311503719
-4.5577965010202,50.44581441193315
-4.547690856993485,49.96113275275374
-4.53758521296677,49.46440017570752
-4.527479568940055,48.94830991146359
-4.51737392491334,48.41557026620389
-4.507268280886625,47.86887767798792
-4.497162636859909,47.32089922626138
-4.487056992833193,46.77416481210038
-4.476951348806478,46.22104680682503
-4.466845704779763,45.66382742900263
-4.456740060753048,45.10467656778506
-4.446634416726333,44.54563563248422
-4.436528772699617,43.98860296323128
-4.426423128672901,43.43532103075101
-4.416317484646187,42.88749233769379
-4.406211840619472,42.34642322638213
-4.396106196592756,41.81321380167297
-4.386000552566041,41.28900145247331
-4.375894908539326,40.77463707623821
-4.36578926451261,40.27078711801219
-4.355683620485895,39.78294001075044
-4.34557797645918,39.31637221375891
-4.335472332432465,38.86611484562346
-4.325366688405749,38.42700951680623
-4.315261044379034,37.99876437311198
-4.305155400352318,37.58096897487633
-4.295049756325603,37.17311300854259
-4.284944112298889,36.77460612599302
-4.274838468272173,36.38479853214703
-4.264732824245457,36.00290135929357
-4.254627180218742,35.62868414780767
-4.244521536192027,35.2608762594022
-4.234415892165312,34.89900166400552
-4.224310248138597,34.54222310333623
-4.214204604111881,34.19040639527622
-4.204098960085166,33.84279441419811
-4.19399331605845,33.50897304754778
-4.183887672031736,33.1885420941754
-4.17378202800502,32.87612617778848
-4.163676383978305,32.5714244703751
-4.15357073995159,32.26921037209576
-4.143465095924874,31.96937644868964
-4.133359451898158,31.67193118086103
-4.123253807871444,31.37699528091742
-4.113148163844729,31.08479537457005
-4.103042519818013,30.80065760868009
-4.092936875791298,30.5299561311203
-4.082831231764582,30.26805784638913
-4.072725587737867,30.01035254655185
-4.062619943711152,29.75727999985224
-4.052514299684437,29.50931325737748
-4.042408655657721,29.26707056213777
-4.032303011631006,29.03082619246023
-4.022197367604291,28.80116633437315
-4.012091723577575,28.57855195030583
-4.00198607955086,28.36330579261285
-3.991880435524145,28.15602384620696
-3.98177479149743,27.95694689223357
-3.971669147470715,27.76632405119928
-3.961563503443999,27.58427940423392
-3.951457859417284,27.41090947810741
-3.941352215390569,27.24622826044057
-3.931246571363853,27.09016646032616
-3.921140927337138,26.94257268377198
-3.911035283310422,26.80321642452482
-3.900929639283708,26.67159160274738
-3.890823995256993,26.54766856087791
-3.880718351230277,26.4309838446545
-3.870612707203561,26.32092689299557
-3.860507063176847,26.2172236969802
-3.850401419150131,26.12887613907159
-3.840295775123416,26.05542716707334
-3.8301901310967,25.98612562312899
-3.820084487069986,25.92522760783769
-3.80997884304327,25.87196027429734
-3.799873199016555,25.82053304301055
-3.789767554989839,25.76978907111299
-3.779661910963124,25.71990532967255
-3.769556266936409,25.66971923497184
-3.759450622909694,25.61863287898015
-3.749344978882978,25.5661118582508
-3.739239334856263,25.51168941683163
-3.729133690829548,25.45522251697485
-3.719028046802832,25.39594452308674
-3.708922402776117,25.33380605552628
-3.698816758749402,25.26862738027017
-3.688711114722687,25.20042396579347
-3.678605470695972,25.12885460904472
-3.668499826669256,25.06426483675292
-3.658394182642541,25.0065030015319
-3.648288538615826,24.94554255533969
-3.63818289458911,24.88141226299683
-3.628077250562395,24.81398744467424
-3.617971606535679,24.74383351576911
-3.607865962508965,24.67086243869069
-3.59776031848225,24.59527892509455
-3.587654674455534,24.51732498514581
-3.577549030428818,24.43707710931649
-3.567443386402103,24.35529134856798
-3.557337742375388,24.27231490332568
-3.547232098348673,24.18808557555093
-3.537126454321957,24.1032190348937
-3.527020810295242,24.01816244889853
-3.516915166268527,23.93339577798352
-3.506809522241812,23.84943198800744
-3.496703878215096,23.77181955335699
-3.486598234188381,23.70610182585866
-3.476492590161666,23.64777425549585
-3.466386946134951,23.59232811018971
-3.456281302108235,23.54029180295527
-3.44617565808152,23.49222860445641
-3.436070014054805,23.44863538365838
-3.42596437002809,23.41026369706846
-3.415858726001374,23.37787009075086
-3.405753081974659,23.35201655421065
-3.395647437947944,23.33366715487681
-3.385541793921228,23.32323414754099
-3.375436149894513,23.32143836471251
-3.365330505867798,23.32912623525846
-3.355224861841083,23.34703993513704
-3.345119217814367,23.3759095280843
-3.335013573787652,23.42644873668549
-3.324907929760936,23.4992597251834
-3.314802285734221,23.5848245883637
-3.304696641707506,23.68358370346001
-3.294590997680791,23.79592356049823
-3.284485353654075,23.92216954986268
-3.27437970962736,24.0623780183314
-3.264274065600645,24.21717637957326
-3.25416842157393,24.38631605341929
-3.244062777547214,24.57003942242823
-3.233957133520499,24.76815203895596
-3.223851489493784,24.98062060671521
-3.213745845467069,25.20709667412838
-3.203640201440353,25.44711181092537
-3.193534557413638,25.70032494090042
-3.183428913386923,25.96610028163677
-3.173323269360207,26.24393269801931
-3.163217625333492,26.53320359593906
-3.153111981306777,26.83298884199674
-3.143006337280062,27.14241127773894
-3.132900693253346,27.46051969418193
-3.122795049226631,27.79129750852173
-3.112689405199916,28.13362667501827
-3.102583761173201,28.48129549217184
-3.092478117146485,28.83305019512023
-3.08237247311977,29.18760145182218
-3.072266829093055,29.5436333182967
-3.06216118506634,29.90981690108176
-3.052055541039624,30.28473329789866
-3.041949897012909,30.65688326108364
-3.031844252986193,31.02478349398587
-3.021738608959478,31.38722536042278
-3.011632964932763,31.74233589046783
-3.001527320906047,32.08905447919665
-2.991421676879332,32.42582078627387
-2.981316032852617,32.75145431402265
-2.971210388825902,33.06473860352176
-2.961104744799187,33.36452854382634
-2.950999100772471,33.64975645224938
-2.940893456745756,33.92944218265598
-2.930787812719041,34.20241079597837
-2.920682168692325,34.45814396954333
-2.91057652466561,34.69578374225121
-2.900470880638895,34.91403185184991
-2.89036523661218,35.11266429077246
-2.880259592585464,35.29101756807171
-2.870153948558749,35.448919812079
-2.860048304532034,35.58561693429699
-2.849942660505319,35.70111411305786
-2.839837016478603,35.79558253382488
-2.829731372451888,35.86861079926354
-2.819625728425173,35.92054383046818
-2.809520084398457,35.9616383533272
-2.799414440371742,35.99217445100762
-2.789308796345026,36.00245210073284
-2.779203152318312,35.99287385774548
-2.769097508291596,35.96893854497644
-2.758991864264881,35.93619601761525
-2.748886220238166,35.88999833441591
-2.73878057621145,35.82651152399294
-2.728674932184735,35.74593677716017
-2.71856928815802,35.64912252537776
-2.708463644131304,35.53688295849232
-2.698358000104589,35.41009348400363
-2.688252356077874,35.26968549694739
-2.678146712051159,35.11664112467417
-2.668041068024444,34.95198804801736
-2.657935423997728,34.77704790029652
-2.647829779971013,34.59248296605158
-2.637724135944298,34.40963743330829
-2.627618491917582,34.22960118045227
-2.617512847890867,34.04340846394622
-2.607407203864152,33.8521228690603
-2.597301559837436,33.65683209563478
-2.587195915810721,33.4586478666808
-2.577090271784006,33.25860562426717
-2.566984627757291,33.0579876867997
-2.556878983730575,32.85820339323105
-2.54677333970386,32.66024610833673
-2.536667695677145,32.4652376411418
-2.52656205165043,32.27454923548198
-2.516456407623714,32.0894789769454
-2.506350763596999,31.91135182349242
-2.496245119570283,31.74151833972296
-2.486139475543569,31.58135254715131
-2.476033831516853,31.44225345645298
-2.465928187490138,31.33055717725287
-2.455822543463423,31.23748936511997
-2.445716899436707,31.15924667594851
-2.435611255409992,31.09702960821826
-2.425505611383277,31.05203323681593
-2.415399967356561,31.02536434801203
-2.405294323329846,31.01840360099071
-2.395188679303131,31.0321237156473
-2.385083035276415,31.06760215832353
-2.374977391249701,31.12585438937046
-2.364871747222985,31.20781889589358
-2.35476610319627,31.31434138774636
-2.344660459169555,31.44615841101479
-2.334554815142839,31.60388066405005
-2.324449171116124,31.78797632663844
-2.314343527089409,31.99875473234593
-2.304237883062693,32.24135307917032
-2.294132239035978,32.52068121193718
-2.284026595009263,32.83136591954599
-2.273920950982547,33.16778383856254
-2.263815306955832,33.52909449104911
-2.253709662929117,33.91423261820879
-2.243604018902402,34.32190535202753
-2.233498374875686,34.75059206267105
-2.223392730848971,35.19854702910081
-2.213287086822256,35.66380503309482
-2.203181442795541,36.14408936327842
-2.193075798768825,36.63724655061679
-2.18297015474211,37.14059038234569
-2.172864510715395,37.6513934554291
-2.16275886668868,38.16678036604415
-2.152653222661964,38.68374999779926
-2.142547578635249,39.1989988105064
-2.132441934608534,39.70979346497274
-2.122336290581818,40.21265764104081
-2.112230646555103,40.70460281584759
-2.102125002528388,41.19196045608786
-2.092019358501672,41.67166669670177
-2.081913714474957,42.13544879209348
-2.071808070448242,42.58010000286642
-2.061702426421526,42.99750503665606
-2.051596782394812,43.38496545038592
-2.041491138368096,43.73927573959016
-2.031385494341381,44.05808885149413
-2.021279850314666,44.33889053947261
-2.01117420628795,44.58006569788753
-2.001068562261235,44.77957299793403
-1.99096291823452,44.94591022978497
-1.980857274207805,45.07778343922887
-1.970751630181089,45.16411271619265
-1.960645986154374,45.20412124296779
-1.950540342127659,45.20733484003694
-1.940434698100943,45.17349213651553
-1.930329054074228,45.09253837756862
-1.920223410047513,44.97470780120721
-1.910117766020797,44.82042198223531
-1.900012121994082,44.62027731023605
-1.889906477967367,44.3749160940739
-1.879800833940652,44.08585274888116
-1.869695189913936,43.75411596516005
-1.859589545887221,43.38117927087051
-1.849483901860506,42.96858832211574
-1.839378257833791,42.51826441541838
-1.829272613807075,42.03223809692039
-1.81916696978036,41.517689931672
-1.809061325753645,40.97628833506277
-1.79895568172693,40.40538691159995
-1.788850037700214,39.8072057461883
-1.778744393673499,39.18401613127944
-1.768638749646784,38.53812786178636
-1.758533105620069,37.87187793996758
-1.748427461593353,37.1876207127137
-1.738321817566638,36.49772412292194
-1.728216173539923,35.80447667459157
-1.718110529513207,35.0998814093528
-1.708004885486492,34.38658538816795
-1.697899241459777,33.66653215812718
-1.687793597433062,32.94190906384711
-1.677687953406346,32.21489298890229
-1.667582309379631,31.48790305105474
-1.657476665352916,30.76265123006906
-1.6473710213262,30.04148215552818
-1.637265377299485,29.33152742920193
-1.62715973327277,28.6398637499588
-1.617054089246054,27.96346710986176
-1.606948445219339,27.29925279820933
-1.596842801192624,26.64911231657707
-1.586737157165909,26.0149060079251
-1.576631513139193,25.39845665952994
-1.566525869112478,24.80154171927527
-1.556420225085763,24.22568303976972
-1.546314581059048,23.67288232651989
-1.536208937032332,23.14469196216081
-1.526103293005617,22.64248074198746
-1.515997648978902,22.16764164537732
-1.505892004952186,21.72145153017963
-1.495786360925471,21.31005966486462
-1.485680716898756,20.9344310333662
-1.475575072872041,20.59033349579422
-1.465469428845325,20.27836912261279
-1.45536378481861,19.99896124652292
-1.445258140791895,19.75259860317831
-1.435152496765179,19.53887912421747
-1.425046852738464,19.35797181487147
-1.414941208711749,19.20929251226097
-1.404835564685033,19.09237424200436
-1.394729920658318,19.00644529983761
-1.384624276631603,18.95043312160269
-1.374518632604888,18.92329343509477
-1.364412988578172,18.92377219100318
-1.354307344551457,18.95022120254178
-1.344201700524742,19.00096002758238
-1.334096056498027,19.07416588166462
-1.323990412471311,19.16789235093472
-1.313884768444596,19.28008994139059
-1.303779124417881,19.40862815929885
-1.293673480391166,19.55131878046186
-1.28356783636445,19.70619333956078
-1.273462192337735,19.87070577817744
-1.26335654831102,20.04262362828836
-1.253250904284304,20.21987630286248
-1.243145260257589,20.40035649960428
-1.233039616230874,20.5820430691174
-1.222933972204159,20.7630217795201
-1.212828328177443,20.941504204327
-1.202722684150728,21.11584443702969
-1.192617040124013,21.29455808654418
-1.182511396097297,21.47604689490759
-1.172405752070582,21.64945501404582
-1.162300108043867,21.81332148979063
-1.152194464017152,21.96695244338714
-1.142088819990436,22.10949942521912
-1.131983175963721,22.25043774835399
-1.121877531937006,22.38935045011041
-1.11177188791029,22.51592326813661
-1.101666243883575,22.63002413298576
-1.09156059985686,22.73168987648783
-1.081454955830145,22.82111575268657
-1.071349311803429,22.8984422309468
-1.061243667776714,22.96458802151699
-1.051138023749999,23.0198948657058
-1.041032379723283,23.06506116408228
-1.030926735696568,23.10067216466738
-1.020821091669853,23.12803103333018
-1.010715447643138,23.14780289581058
-1.000609803616422,23.1607477301491
-0.9905041595897072,23.16829951172272
-0.9803985155629918,23.17121237418652
-0.9702928715362766,23.17049727550004
-0.9601872275095613,23.16715779934586
-0.9500815834828461,23.1621805169975
-0.9399759394561308,23.15652652035815
-0.9298702954294156,23.15112410086652
-0.9197646514027003,23.14686251288179
-0.909659007375985,23.14471343046713
-0.8995533633492697,23.15515643645252
-0.8894477193225543,23.17918313110452
-0.879342075295839,23.2072014680837
-0.8692364312691238,23.2396959123447
-0.8591307872424084,23.27709564037821
-0.8490251432156932,23.31977418162746
-0.8389194991889779,23.36804892736071
-0.8288138551622627,23.42218036148931
-0.8187082111355474,23.48216976967399
-0.8086025671088322,23.54860399155761
-0.7984969230821168,23.62131237724948
-0.7883912790554016,23.70031268550988
-0.7782856350286863,23.78555447917629
-0.7681799910019711,23.87691544850058
-0.7580743469752558,23.97419735630955
-0.7479687029485405,24.08712643997892
-0.7378630589218251,24.21526309487613
-0.7277574148951099,24.34799855047149
-0.7176517708683946,24.48453815977021
-0.7075461268416794,24.62421771465604
-0.6974404828149641,24.76625523769195
-0.6873348387882489,24.90955471197709
-0.6772291947615335,25.05305456862395
-0.6671235507348183,25.19560304758545
-0.6570179067081029,25.33596156145858
-0.6469122626813877,25.47280948321196
-0.6368066186546724,25.60475045142388
-0.6267009746279572,25.7303202533535
-0.6165953306012418,25.84799630965829
-0.6064896865745266,25.95620874575688
-0.5963840425478113,26.05335299471837
-0.586278398521096,26.13780383617015
-0.5761727544943808,26.20783017347028
-0.5660671104676654,26.26203470201501
-0.5559614664409501,26.29870086716698
-0.5458558224142349,26.31628524854172
-0.5357501783875196,26.31330937060476
-0.5256445343608043,26.29838304148923
-0.5155388903340891,26.27013688079776
-0.5054332463073737,26.22224360444992
-0.4953276022806585,26.15348006606775
-0.4852219582539433,26.05774094385889
-0.4751163142272279,25.9340990633025
-0.4650106702005126,25.78181855300533
-0.4549050261737974,25.60036819372196
-0.4447993821470821,25.38943233432184
-0.4346937381203668,25.14891914037126
-0.4245880940936516,24.87896598585588
-0.4144824500669363,24.57994184785705
-0.404376806040221,24.25244661667219
-0.3942711620135057,23.89730728882428
-0.3841655179867904,23.51557106647221
-0.3740598739600752,23.10849544272765
-0.3639542299333599,22.68754011191257
-0.3538485859066446,22.25926790948769
-0.3437429418799293,21.81528487848453
-0.3336372978532141,21.3523084890375
-0.3235316538264987,20.87218675796949
-0.3134260097997835,20.37687513920417
-0.3033203657730682,19.86841447638071
-0.2932147217463529,19.3489080162279
-0.2831090777196376,18.82049784878273
-0.2730034336929223,18.28514002335148
-0.262897789666207,17.74542736687119
-0.2527921456394918,17.20322558633304
-0.2426865016127765,16.66059976281293
-0.2325808575860613,16.1195401047456
-0.2224752135593459,15.58194263938906
-0.2123695695326307,15.04939059163752
-0.2022639255059154,14.52398534269938
-0.1921582814792001,14.00699238122353
-0.1820526374524848,13.49977915422205
-0.1719469934257696,13.00355345858071
-0.1618413493990543,12.51935780363625
-0.151735705372339,12.04806635459931
-0.1416300613456237,11.5903844226563
-0.1315244173189084,11.14685042183361
-0.1214187732921932,10.71784016970041
-0.1113131292654779,10.30357336957974
-0.1012074852387626,9.904122076891834
-0.09110184121204731,9.519420922217551
-0.08099619718533205,9.149278839159576
-0.07089055315861677,8.793392026477111
-0.06078490913190149,8.451357861507242
-0.05067926510518621,8.12268947564988
-0.04057362107847093,7.806830702618938
-0.03046797705175565,7.503171116044815
-0.02036233302504037,7.211060884512212
-0.01025668899832509,6.929825188770342
-0.00015104497160981,6.658777967090909
0.009954599055105469,6.402237132309771
0.02006024308182075,6.159292287684499
0.03016588710853603,5.924662207786993
0.04027153113525131,5.697407171441157
0.05037717516196659,5.476884033433493
0.06048281918868187,5.262500167141252
0.07058846321539715,5.053719261846052
0.08069410724211241,4.850065570761993
0.09079975126882769,4.651126639849281
0.100905395295543,4.456554575561934
0.1110110393222583,4.266065934892492
0.1211166833489735,4.079440343014435
0.1312223273756888,3.896517962172425
0.1413279714024041,3.717195950023799
0.1514336154291194,3.54142405628878
0.1615392594558347,3.369199513319633
0.1716449034825499,3.200360253889744
0.1817505475092652,3.035425265726379
0.1918561915359805,2.874247449613219
0.2019618355626958,2.716955880069466
0.2120674795894111,2.563696138062061
0.2221731236161263,2.414624210898453
0.2322787676428416,2.269900668166469
0.2423844116695569,2.1296852109109
0.2524900556962722,1.994131675074776
0.2625956997229875,1.863383553641746
0.2727013437497027,1.737570085315793
0.2828069877764181,1.616802941353501
0.2929126318031333,1.501173526669491
0.3030182758298486,1.390750896867773
0.3131239198565638,1.285580279659701
0.3232295638832791,1.185682177408979
0.3333352079099944,1.091052017437158
0.3434408519367097,1.001660308317833
0.353546495963425,0.9174532537217487
0.3636521399901402,0.8383537704384267
0.3737577840168555,0.7642628539404596
0.3838634280435708,0.6950612331844521
0.3939690720702861,0.6304101308825432
0.4040747160970014,0.5705997234974372
0.4141803601237166,0.515109896208665
0.4242860041504319,0.463984319072095
0.4343916481771471,0.4169089355221899
0.4444972922038625,0.3736885663544051
0.4546029362305778,0.3341224550434438
0.4647085802572931,0.2980064079270576
0.4748142242840083,0.2651348018831374
0.4849198683107236,0.2353024391775711
0.4950255123374389,0.2083062342644308
0.5051311563641542,0.1839467221777455
0.5152368003908694,0.1620293826785287
0.5253424444175847,0.1423657784442107
0.5354480884442999,0.1247745092610819
0.5455537324710154,0.1090819873723672
0.5556593764977306,0.09492191657556114
0.5657650205244459,0.0824815741376296
0.5758706645511611,0.07158444611254705
0.5859763085778764,0.06196858784312522
0.5960819526045916,0.05350763208879284
0.6061875966313069,0.04608409544066783
0.6162932406580222,0.03958928012710145
0.6263988846847375,0.03392308531219126
0.6365045287114528,0.02899374310714112
0.6466101727381681,0.02471749363422118
0.6567158167648833,0.02101821245601336
0.6668214607915987,0.01782700255126054
0.6769271048183139,0.01508176182195466
0.6870327488450292,0.01272673588918454
0.6971383928717444,0.01071206470817502
0.7072440368984597,0.008993330331791659
0.7173496809251749,0.00753111199793691
0.7274553249518904,0.006290553626704109
0.7375609689786056,0.005240947800718133
0.7476666130053209,0.004355339375779433
0.7577722570320361,0.003610151034294949
0.7678779010587514,0.002984832353541761
0.7779835450854666,0.002461533314477702
0.788089189112182,0.00202480262232835
0.7981948331388972,0.001661310743529289
0.8083004771656125,0.001359597179425488
0.8184061211923278,0.001109841189080917
0.8285117652190431,0.000903654934637211
0.8386174092457583,0.0007338978455273932
0.8487230532724737,0.0005945108750395266
0.8588286972991889,0.0004803692468762753
0.8689343413259042,0.0003871522533792592
0.8790399853526194,0.0003112286642897102
0.8891456293793347,0.0002495563291004119
0.89925127340605,0.0001995946015760809
0.9093569174327653,0.0001592282768303767
0.9194625614594806,0.0001267018050037788
0.9295682054861958,0
3.799571109073335,0.0001267018050037788
3.80967675310005,0.0001592282768303767
3.819782397126766,0.0001995946015760809
3.829888041153481,0.0002495563291004119
3.839993685180196,0.0003112286642897102
3.850099329206912,0.0003871522533792592
3.860204973233627,0.0004803692468762753
3.870310617260342,0.0005945108750395266
3.880416261287057,0.0007338978455273932
3.890521905313773,0.000903654934637211
3.900627549340488,0.001109841189080917
3.910733193367204,0.001613000789433045
3.920838837393918,0.001979767297190042
3.930944481420634,0.002423991825480512
3.941050125447349,0.002960645972678526
3.951155769474064,0.003607289682121182
3.961261413500779,0.004384455541053467
3.971367057527495,0.005316077869531984
3.98147270155421,0.006429969550797187
3.991578345580926,0.007758349317758896
4.00168398960764,0.00933842186721133
4.011789633634356,0.01121301270995349
4.021895277661072,0.013431259067026
4.032000921687787,0.01604935737624312
4.042106565714502,0.01938477067661891
4.052212209741217,0.02306852573387669
4.062317853767932,0.02751376817125283
4.072423497794648,0.03259613663784228
4.082529141821364,0.03877987739886304
4.092634785848078,0.04574729830314721
4.102740429874793,0.05409494735171165
4.112846073901509,0.06354006265186156
4.122951717928224,0.07446410422203882
4.133057361954939,0.08706795516874855
4.143163005981655,0.1015746939369373
4.15326865000837,0.1182312733318647
4.163374294035085,0.1373102167340252
4.1734799380618,0.1591113144409917
4.183585582088516,0.1839633008159888
4.193691226115231,0.2122254906837776
4.203796870141947,0.2442893512287087
4.213902514168662,0.280579983558598
4.224008158195376,0.3215574861438768
4.234113802222092,0.3677181705672926
4.244219446248808,0.4195955984679187
4.254325090275523,0.4777614072753896
4.264430734302238,0.542825891344661
4.274536378328953,0.6154383044530605
4.284642022355668,0.6962868493402626
4.294747666382384,0.7862250218880993
4.304853310409099,0.885796591896482
4.314958954435815,0.9959049222852437
4.32506459846253,1.117388220115563
4.335170242489245,1.251118084353875
4.34527588651596,1.397996998293639
4.355381530542675,1.558955305729273
4.365487174569391,1.734947650467591
4.375592818596107,1.926948862250159
4.385698462622821,2.135949275994246
4.395804106649536,2.362949475416968
4.405909750676252,2.608954456564953
4.416015394702967,2.874967211511333
4.426121038729683,3.161981737489385
4.436226682756398,3.470975481999664
4.446332326783113,3.802901239953701
4.456437970809828,4.158678524708722
4.466543614836544,4.539184440916997
4.476649258863259,4.945244093479463
4.486754902889974,5.37762057357923
4.49686054691669,5.837004569800572
4.506966190943405,6.324003659736497
4.517071834970119,6.839131345268997
4.527177478996835,7.382795902877682
4.537283123023551,7.955289128884677
4.547388767050266,8.556775068446564
4.557494411076981,9.187278826300696
4.567600055103696,9.846675566675222
4.577705699130411,10.53467981925618
4.587811343157127,11.25083521750672
4.597916987183843,11.99450480474985
4.608022631210558,12.76486205200835
4.618128275237273,13.5608827393583
4.628233919263988,14.38146456097473
4.638339563290703,15.22494693300045
4.648445207317418,16.08977690553087
4.658550851344134,16.97408297115465
4.66865649537085,17.875774330505
4.678762139397564,18.79254145128109
4.688867783424279,19.72185863757874
4.698973427450995,20.66098875195902
4.70907907147771,21.60699021694424
4.719184715504426,22.56172875516805
4.729290359531141,23.52184628384463
4.739396003557856,24.4787757824252
4.749501647584571,25.42880214716796
4.759607291611287,26.36808023771718
4.769712935638002,27.29265771364973
4.779818579664717,28.19850019858502
4.789924223691433,29.08151861935616
4.800029867718148,29.93759852438896
4.810135511744863,30.76263114210941
4.820241155771578,31.55254589786505
4.830346799798294,32.31334877231755
4.840452443825009,33.04107080798736
4.850558087851724,33.72180390030491
4.860663731878439,34.35182343563056
4.870769375905154,34.92761977132993
4.88087501993187,35.4459334021068
4.890980663958586,35.90378861256794
4.9010863079853,36.29852512458855
4.911191952012016,36.62782726118282
4.921297596038731,36.88975017115235
4.931403240065446,37.08274269066202
4.941508884092162,37.20566645870125
4.951614528118877,37.25781095252674
4.961720172145593,37.24890887060511
4.971825816172307,37.17905631462652
4.981931460199023,37.04371750564914
4.992037104225738,36.84376627612419
5.002142748252453,36.58548024467045
5.012248392279169,36.27048770765811
5.022354036305885,35.9007561137263
5.032459680332598,35.47857461368014
5.042565324359314,34.99652854803417
5.05267096838603,34.45756147240197
5.062776612412745,33.86494279977443
5.07288225643946,33.22223676427959
5.082987900466176,32.53326842293001
5.093093544492891,31.80208715955264
5.103199188519606,31.03292818915115
5.113304832546322,30.23017258558621
5.123410476573037,29.39830637033943
5.133516120599752,28.54187920515991
5.143621764626467,27.66546322672272
5.153727408653183,26.77361254743048
5.163833052679897,25.87082392374224
5.173938696706613,24.96149906268484
5.184044340733329,24.04990899940991
5.194149984760044,23.14016093484996
5.204255628786759,22.23616787382782
5.214361272813474,21.34662370396716
5.224466916840189,20.4749362813316
5.234572560866905,19.61920746389031
5.24467820489362,18.78226020453386
5.254783848920336,17.96662398706675
5.26488949294705,17.17452626690021
5.274995136973766,16.4078875086251
5.285100781000481,15.6683197187744
5.295206425027196,14.95712833013926
5.305312069053912,14.27531725678458
5.315417713080627,13.62359690668941
5.325523357107342,13.00239491184962
5.335629001134057,12.41186931374198
5.345734645160773,11.85192392517023
5.355840289187488,11.32222557751713
5.365945933214204,10.82222295506232
5.376051577240919,10.35116671499056
5.386157221267634,9.908130592669234
5.396262865294349,9.49203319635523
5.406368509321065,9.101660203332374
5.41647415334778,8.735686680214327
5.426579797374495,8.392699263422855
5.43668544140121,8.07121795133237
5.446791085427926,7.769717276947168
5.45689672945464,7.486646648958205
5.467002373481356,7.220449669345531
5.477108017508072,6.969582257103463
5.487213661534787,6.732529429937574
5.497319305561502,6.507820618696458
5.507424949588217,6.294043412644444
5.517530593614932,6.089855657244058
5.527636237641648,5.893995849687664
5.537741881668364,5.70529180078021
5.547847525695079,5.527669907103828
5.557953169721793,5.360117380157495
5.568058813748509,5.196686231947827
5.578164457775225,5.0365390638034
5.588270101801939,4.87894795131975
5.598375745828655,4.723294167641241
5.60848138985537,4.569066484245997
5.618587033882085,4.415858155616827
5.6286926779088,4.263362707141302
5.638798321935516,4.111268093870795
5.648903965962231,3.959673694930717
5.659009609988947,3.808412895436191
5.669115254015662,3.657519781386542
5.679220898042377,3.507094364660236
5.689326542069092,3.357294173200706
5.699432186095808,3.208325652007263
5.709537830122523,3.060435516795592
5.719643474149238,2.913902194554731
5.729749118175953,2.769027475708382
5.739854762202669,2.626128491426387
5.749960406229384,2.485328991842092
5.760066050256099,2.347398664218814
5.770171694282815,2.212405777070343
5.78027733830953,2.080659960665766
5.790382982336245,1.952453699564369
5.80048862636296,1.828057935690753
5.810594270389675,1.707718393604198
5.820699914416391,1.591652629422587
5.830805558443107,1.48004779201912
5.840911202469822,1.373059073430542
5.851016846496536,1.270808815061132
5.861122490523252,1.173386227359777
5.871228134549968,1.080847673268778
5.881333778576683,0.9930163346784564
5.891439422603398,0.9103298537847433
5.901545066630113,0.832400537262881
5.911650710656828,0.7593891376503729
5.921756354683544,0.6908821620800968
5.931861998710259,0.6272150441010459
5.941967642736974,0.5678060705106542
5.95207328676369,0.5129540970253101
5.962178930790405,0.4622470459970031
5.972284574817119,0.4155132627733514
5.982390218843835,0.3725708201112955
5.992495862870551,0.3332301066074169
6.002601506897266,0.2972962680448949
6.012707150923981,0.2645714794669565
6.022812794950696,0.23485703099786
6.032918438977412,0.2079552154454332
6.043024083004127,0.1836710104413142
6.053129727030843,0.1618135522310777
6.063235371057558,0.1421974021588344
6.073341015084273,0.1246436103592244
6.083446659110988,0.108980584149819
6.093552303137704,0.09504477109965778
6.103657947164418,0.0826811687392057
6.113763591191134,0.07174367438937743
6.12386923521785,0.062095289648129
6.133974879244565,0.05350763208879284
6.144080523271279,0.04608409544066783
6.154186167297995,0.03958928012710145
6.164291811324711,0.03392308531219126
6.174397455351426,0.02899374310714112
6.184503099378141,0.02471749363422118
6.194608743404856,0.02101821245601336
6.204714387431571,0.01782700255126054
6.214820031458287,0.01508176182195466
6.224925675485003,0.01272673588918454
6.235031319511717,0.01071206470817502
6.245136963538433,0.008993330331791659
6.255242607565148,0.00753111199793691
6.265348251591863,0.006290553626704109
6.275453895618578,0.005240947800718133
6.285559539645294,0.004355339375779433
6.295665183672009,0.003610151034294949
6.305770827698725,0.002984832353541761
6.315876471725439,0.002461533314477702
6.325982115752155,0.00202480262232835
6.33608775977887,0.001661310743529289
6.346193403805586,0.001359597179425488
6.356299047832301,0.001109841189080917
6.366404691859016,0.000903654934637211
6.376510335885731,0.0007338978455273932
6.386615979912447,0.0005945108750395266
6.396721623939161,0.0004803692468762753
6.406827267965877,0.0003871522533792592
6.416932911992593,0.0003112286642897102
6.427038556019308,0.0002495563291004119
6.437144200046023,0.0001995946015760809
6.447249844072738,0.0001592282768303767
6.457355488099454,0.0001267018050037788
6.467461132126169,0
7.538659398957988,0
