-15.00618825,40.07253444
-14.99610972,39.57017287
-14.98603119,39.05784675
-14.97595265,38.537169
-14.96587412,38.0094938
-14.95579559,37.47635992
-14.94571706,36.93877956
-14.93563853,36.39774098
-14.92556,35.85407804
-14.91548147,35.30847606
-14.90540294,34.7614798
-14.89532441,34.21350334
-14.88524588,33.66484162
-14.87516734,33.12055343
-14.86508881,32.58590862
-14.85501028,32.0557025
-14.84493175,31.52476523
-14.83485322,30.9928594
-14.82477469,30.45972012
-14.81469616,29.92507132
-14.80461763,29.39361796
-14.7945391,28.86506923
-14.78446056,28.33912905
-14.77438203,27.81550887
-14.7643035,27.28896266
-14.75422497,26.75931624
-14.74414644,26.22644546
-14.73406791,25.69028309
-14.72398938,25.15087754
-14.71391085,24.6083684
-14.70383232,24.06298764
-14.69375378,23.51505888
-14.68367525,22.964995
-14.67359672,22.41329408
-14.66351819,21.86053376
-14.65343966,21.30736438
-14.64336113,20.75450078
-14.6332826,20.20260673
-14.62320407,19.65273284
-14.61312554,19.11555002
-14.603047,18.59185761
-14.59296847,18.07243917
-14.58288994,17.55803564
-14.57281141,17.04938266
-14.56273288,16.54720164
-14.55265435,16.05219118
-14.54257582,15.56501905
-14.53249729,15.08631489
-14.52241876,14.61666363
-14.51234022,14.15659988
-14.50226169,13.70660322
-14.49218316,13.26698811
-14.48210463,12.83834917
-14.4720261,12.42074397
-14.46194757,12.01464217
-14.45186904,11.62008302
-14.44179051,11.2371788
-14.43171198,10.86598374
-14.42163345,10.50663167
-14.41155491,10.15883896
-14.40147638,9.822619169
-14.39139785,9.497841047
-14.38131932,9.18434138
-14.37124079,8.881825216
-14.36116226,8.590214125
-14.35108373,8.309391624
-14.3410052,8.038895792
-14.33092667,7.778741304
-14.32084813,7.528582223
-14.3107696,7.28821913
-14.30069107,7.062340234
-14.29061254,6.850981991
-14.28053401,6.648716955
-14.27045548,6.455597678
-14.26037695,6.271338905
-14.25029842,6.095713878
-14.24021989,5.928761867
-14.23014135,5.770525742
-14.22006282,5.620842337
-14.20998429,5.479707258
-14.19990576,5.347137196
-14.18982723,5.22305899
-14.1797487,5.107752365
-14.16967017,5.001135005
-14.15959164,4.903258244
-14.14951311,4.814060546
-14.13943457,4.733809211
-14.12935604,4.662385039
-14.11927751,4.599778248
-14.10919898,4.545949242
-14.09912045,4.500823899
-14.08904192,4.464183094
-14.07896339,4.436107331
-14.06888486,4.416265081
-14.05880633,4.404413027
-14.0487278,4.400261709
-14.03864926,4.403476111
-14.02857073,4.413677227
-14.0184922,4.430444574
-14.00841367,4.4533196
-13.99833514,4.481809899
-13.98825661,4.515394145
-13.97817808,4.553527617
-13.96809955,4.595648203
-13.95802102,4.641076279
-13.94794248,4.689362629
-13.93786395,4.740033546
-13.92778542,4.792389598
-13.91770689,4.845879518
-13.90762836,4.899972052
-13.89754983,4.954161214
-13.8874713,5.007864437
-13.87739277,5.060874286
-13.86731424,5.112545721
-13.8572357,5.162747767
-13.84715717,5.211155466
-13.83707864,5.262226949
-13.82700011,5.315787049
-13.81692158,5.366578555
-13.80684305,5.414358704
-13.79676452,5.45892054
-13.78668599,5.500090297
-13.77660746,5.537724244
-13.76652892,5.571705072
-13.75645039,5.60193798
-13.74637186,5.628346568
-13.73629333,5.650868679
-13.7262148,5.669452336
-13.71613627,5.684051883
-13.70605774,5.694624469
-13.69597921,5.700914088
-13.68590068,5.703344776
-13.67582214,5.701600114
-13.66574361,5.695625334
-13.65566508,5.685359011
-13.64558655,5.670733388
-13.63550802,5.651675456
-13.62542949,5.62810874
-13.61535096,5.599955774
-13.60527243,5.567141179
-13.5951939,5.529595284
-13.58511537,5.487258174
-13.57503683,5.440084075
-13.5649583,5.388045938
-13.55487977,5.331140109
-13.54480124,5.269390947
-13.53472271,5.202855266
-13.52464418,5.131626463
-13.51456565,5.055838232
-13.50448712,4.980644419
-13.49440859,4.906230302
-13.48433005,4.827814866
-13.47425152,4.745644013
-13.46417299,4.660014941
-13.45409446,4.571276298
-13.44401593,4.479827373
-13.4339374,4.386116316
-13.42385887,4.290637403
-13.41378034,4.193927351
-13.40370181,4.096560758
-13.39362327,3.999144701
-13.38354474,3.902206145
-13.37346621,3.806633005
-13.36338768,3.712957474
-13.35330915,3.621849886
-13.34323062,3.533976675
-13.33315209,3.449992071
-13.32307356,3.370529743
-13.31299503,3.296194474
-13.30291649,3.227554038
-13.29283796,3.165131362
-13.28275943,3.109397128
-13.2726809,3.060762899
-13.26260237,3.019574883
-13.25252384,2.986108427
-13.24244531,2.960563328
-13.23236678,2.943060019
-13.22228825,2.933636707
-13.21220971,2.932247491
-13.20213118,2.938761504
-13.19205265,2.952963103
-13.18197412,2.974553095
-13.17189559,3.003151009
-13.16181706,3.038298382
-13.15173853,3.079463035
-13.14166,3.126044276
-13.13158147,3.177378982
-13.12150294,3.232748488
-13.1114244,3.29138619
-13.10134587,3.352485782
-13.09126734,3.415210006
-13.08118881,3.478699828
-13.07111028,3.542083901
-13.06103175,3.604488205
-13.05095322,3.665045732
-13.04087469,3.722906087
-13.03079616,3.777244889
-13.02071762,3.827272827
-13.01063909,3.872244266
-13.00056056,3.911465274
-12.99048203,3.944300974
-12.9804035,3.970182114
-12.97032497,3.988610769
-12.96024644,3.999165106
-12.95016791,4.001503147
-12.94008938,3.995365493
-12.93001084,3.985553673
-12.91993231,3.971833009
-12.90985378,3.94938046
-12.89977525,3.91806596
-12.88969672,3.877975742
-12.87961819,3.829275783
-12.86953966,3.77220825
-12.85946113,3.707087072
-12.8493826,3.634292726
-12.83930406,3.55426631
-12.82922553,3.467503037
-12.819147,3.374545229
-12.80906847,3.275974956
-12.79898994,3.17240642
-12.78891141,3.064478205
-12.77883288,2.952845526
-12.76875435,2.838172567
-12.75867582,2.721125041
-12.74859729,2.60236305
-12.73851875,2.482534355
-12.72844022,2.362268121
-12.71836169,2.242303169
-12.70828316,2.122981255
-12.69820463,2.004951975
-12.6881261,1.888721184
-12.67804757,1.774754431
-12.66796904,1.66347465
-12.65789051,1.555260565
-12.64781197,1.450445762
-12.63773344,1.34931843
-12.62765491,1.252121712
-12.61757638,1.159054635
-12.60749785,1.070273559
-12.59741932,0.985894093
-12.58734079,0.905886976
-12.57726226,0.83052861
-12.56718373,0.75969471
-12.55710519,0.693365152
-12.54702666,0.631493392
-12.53694813,0.574009954
-12.5268696,0.520825958
-12.51679107,0.471836653
-12.50671254,0.426924904
-12.49663401,0.385964598
-12.48655548,0.348823923
-12.47647695,0.315368506
-12.46639841,0.285464363
-12.45631988,0.258980662
-12.44624135,0.235792257
-12.43616282,0.215782007
-12.42608429,0.198842839
-12.41600576,0.184879574
-12.40592723,0.173810491
-12.3958487,0.16556864
-12.38577017,0.160102887
-12.37569163,0.157378709
-12.3656131,0.157378709
-12.35553457,0.160102887
-12.34545604,0.16556864
-12.33537751,0.173810491
-12.32529898,0.184879574
-12.31522045,0.198842839
-12.30514192,0.215782007
-12.29506339,0.235792257
-12.28498486,0.258980662
-12.27490632,0.285464363
-12.26482779,0.315368506
-12.25474926,0.348823923
-12.24467073,0.385964598
-12.2345922,0.426924904
-12.22451367,0.471836653
-12.21443514,0.520825958
-12.20435661,0.574009954
-12.19427808,0.631493392
-12.18419954,0.693365152
-12.17412101,0.75969471
-12.16404248,0.83052861
-12.15396395,0.905886976
-12.14388542,0.985760142
-12.13380689,1.070239377
-12.12372836,1.159012267
-12.11364983,1.252069335
-12.1035713,1.349253853
-12.09349276,1.450366356
-12.08341423,1.555163186
-12.0733357,1.663355549
-12.06325717,1.774609152
-12.05317864,1.888544451
-12.04310011,2.004737553
-12.03302158,2.122721807
-12.02294305,2.241990085
-12.01286452,2.361891333
-12.00278598,2.482082126
-11.99270745,2.601821743
-11.98262892,2.720478867
-11.97255039,2.837403305
-11.96247186,2.951932219
-11.95239333,3.063396837
-11.9423148,3.17112956
-11.93223627,3.274471391
-11.92215774,3.37277956
-11.9120792,3.465435274
-11.90200067,3.551851438
-11.89192214,3.631480262
-11.88184361,3.703820623
-11.87176508,3.768425063
-11.86168655,3.824906308
-11.85160802,3.872943205
-11.84152949,3.912285968
-11.83145096,3.94276064
-11.82137243,3.964272695
-11.81129389,3.976809707
-11.80121536,3.985419722
-11.79113683,3.990220663
-11.7810583,3.98640041
-11.77097977,3.974207548
-11.76090124,3.953973089
-11.75082271,3.926107832
-11.74074418,3.891098677
-11.73066565,3.849503943
-11.72058711,3.80194775
-11.71050858,3.749113524
-11.70043005,3.691736714
-11.69035152,3.630596819
-11.68027299,3.566508821
-11.67019446,3.500314141
-11.66011593,3.432871223
-11.6500374,3.365045887
-11.63995887,3.29770155
-11.62988033,3.231689451
-11.6198018,3.167838999
-11.60972327,3.106948356
-11.59964474,3.049775374
-11.58956621,2.997028992
-11.57948768,2.949361187
-11.56940915,2.907359583
-11.55933062,2.871540791
-11.54925209,2.842344562
-11.53917355,2.82012881
-11.52909502,2.805165569
-11.51901649,2.797637919
-11.50893796,2.797637919
-11.49885943,2.805165569
-11.4887809,2.82012881
-11.47870237,2.842344562
-11.46862384,2.871540791
-11.45854531,2.907359583
-11.44846678,2.949361187
-11.43838824,2.997028992
-11.42830971,3.049775374
-11.41823118,3.106948356
-11.40815265,3.167838999
-11.39807412,3.231689451
-11.38799559,3.297835501
-11.37791706,3.365214019
-11.36783853,3.433081724
-11.35776,3.500577019
-11.34768146,3.566836276
-11.33760293,3.631003679
-11.3275244,3.692240953
-11.31744587,3.749736864
-11.30736734,3.802716368
-11.29728881,3.850449294
-11.28721028,3.89225845
-11.27713175,3.927527054
-11.26705322,3.955705395
-11.25697468,3.976316642
-11.24689615,3.988961733
-11.23681762,3.993323293
-11.22673909,3.989168526
-11.21666056,3.981327774
-11.20658203,3.96970407
-11.1965035,3.949273383
-11.18642497,3.920075571
-11.17634644,3.882236374
-11.1662679,3.835965145
-11.15618937,3.781551663
-11.14611084,3.719362095
-11.13603231,3.649834198
-11.12595378,3.573471823
-11.11587525,3.490838846
-11.10579672,3.402552607
-11.09571819,3.309276974
-11.08563966,3.211715136
-11.07556112,3.110602232
-11.06548259,3.006697928
-11.05540406,2.900779028
-11.04532553,2.79363223
-11.035247,2.686047089
-11.02516847,2.578809289
-11.01508994,2.472694264
-11.00501141,2.36846123
-10.99493288,2.266847673
-10.98485435,2.168564308
-10.97477581,2.074290533
-10.96469728,1.984670383
-10.95461875,1.900308965
-10.94454022,1.821769374
-10.93446169,1.74957005
-10.92438316,1.68431651
-10.91430463,1.626197877
-10.9042261,1.575694729
-10.89414757,1.533130083
-10.88406903,1.498668505
-10.8739905,1.472763321
-10.86391197,1.45544685
-10.85383344,1.446831767
-10.84375491,1.446977045
-10.83367638,1.455887962
-10.82359785,1.473516235
-10.81351932,1.499760273
-10.80344079,1.53446556
-10.79336225,1.57742519
-10.78328372,1.628380567
-10.77320519,1.687022311
-10.76312666,1.7529914
-10.75304813,1.825880581
-10.7429696,1.905236101
-10.73289107,1.990559787
-10.72281254,2.081311518
-10.71273401,2.177046076
-10.70265547,2.276914868
-10.69257694,2.380379108
-10.68249841,2.486766308
-10.67241988,2.595381586
-10.66234135,2.705513011
-10.65226282,2.81643741
-10.64218429,2.927426611
-10.63210576,3.037754062
-10.62202723,3.146701784
-10.6119487,3.253567562
-10.60187016,3.357672303
-10.59179163,3.458367469
-10.5817131,3.555042466
-10.57163457,3.647131893
-10.56155604,3.73412252
-10.55147751,3.815559894
-10.54139898,3.891054441
-10.53132045,3.960286947
-10.52124192,4.023013326
-10.51116338,4.079068551
-10.50108485,4.128369662
-10.49100632,4.170917788
-10.48092779,4.206799092
-10.47084926,4.241161308
-10.46077073,4.274221191
-10.4506922,4.301262534
-10.44061367,4.322624785
-10.43053514,4.338722561
-10.4204566,4.350040757
-10.41037807,4.357128607
-10.40029954,4.360592759
-10.39022101,4.361089464
-10.38014248,4.359315982
-10.37006395,4.356001326
-10.35998542,4.35189648
-10.34990689,4.347764242
-10.33982836,4.344368829
-10.32974982,4.342465419
-10.31967129,4.342789765
-10.30959276,4.346048064
-10.29951423,4.352800759
-10.2894357,4.363901192
-10.27935717,4.379777758
-10.26927864,4.400927812
-10.25920011,4.427776901
-10.24912158,4.460672925
-10.23904304,4.499881362
-10.22896451,4.545581602
-10.21888598,4.597864435
-10.20880745,4.656730696
-10.19872892,4.722091086
-10.18865039,4.793767123
-10.17857186,4.871493204
-10.16849333,4.954919713
-10.1584148,5.043617108
-10.14833627,5.137080903
-10.13825773,5.23473746
-10.1281792,5.335950478
-10.11810067,5.440028084
-10.10802214,5.546364352
-10.09794361,5.653945626
-10.08786508,5.762068074
-10.07778655,5.869898222
-10.06770802,5.976587855
-10.05762949,6.081282426
-10.04755095,6.183129314
-10.03747242,6.281285866
-10.02739389,6.374927143
-10.01731536,6.463253296
-10.00723683,6.550473226
-9.997158299,6.63581983
-9.987079768,6.713556476
-9.977001237,6.782974675
-9.966922706,6.843423237
-9.956844174,6.894447468
-9.946765643,6.935292172
-9.936687112,6.965615003
-9.926608581,6.985041993
-9.91653005,6.993276774
-9.906451519,6.990102701
-9.896372988,6.975384362
-9.886294457,6.949068463
-9.876215926,6.911184117
-9.866137395,6.861842539
-9.856058864,6.801236182
-9.845980333,6.729637313
-9.835901801,6.64739607
-9.82582327,6.555205912
-9.815744739,6.45309744
-9.805666208,6.341853705
-9.795587677,6.227087465
-9.785509146,6.109458723
-9.775430615,5.984670753
-9.765352084,5.853457527
-9.755273553,5.716602889
-9.745195022,5.575070081
-9.735116491,5.429495436
-9.72503796,5.281026748
-9.714959428,5.130368702
-9.704880897,4.978593403
-9.694802366,4.826687163
-9.684723835,4.6756515
-9.674645304,4.526631581
-9.664566773,4.380543034
-9.654488242,4.238408121
-9.644409711,4.101110222
-9.63433118,3.969756552
-9.624252649,3.845465689
-9.614174118,3.728967612
-9.604095587,3.621442455
-9.594017055,3.523566828
-9.583938524,3.436325741
-9.573859993,3.360561289
-9.563781462,3.297076045
-9.553702931,3.246523988
-9.5436244,3.20999013
-9.533545869,3.187777875
-9.523467338,3.180752736
-9.513388807,3.189258211
-9.503310276,3.213931394
-9.493231745,3.255255447
-9.483153213,3.313666871
-9.473074682,3.389556802
-9.462996151,3.483272759
-9.45291762,3.595120815
-9.442839089,3.725368173
-9.432760558,3.874246098
-9.422682027,4.041953165
-9.412603496,4.228658774
-9.402524965,4.434640824
-9.392446434,4.659921914
-9.382367903,4.904481006
-9.372289372,5.168518911
-9.36221084,5.452120838
-9.352132309,5.755366659
-9.342053778,6.078334485
-9.331975247,6.421237857
-9.321896716,6.783926943
-9.311818185,7.166600181
-9.301739654,7.569358157
-9.291661123,7.992311092
-9.281582592,8.435579117
-9.271504061,8.899291685
-9.26142553,9.38358608
-9.251346999,9.888604946
-9.241268467,10.41449281
-9.231189936,10.96139155
-9.221111405,11.52943487
-9.211032874,12.11887561
-9.200954343,12.72957655
-9.190875812,13.36682187
-9.180797281,14.03036701
-9.17071875,14.71524486
-9.160640219,15.42129931
-9.150561688,16.14830476
-9.140483157,16.89595538
-9.130404626,17.6638543
-9.120326094,18.45150266
-9.110247563,19.25828892
-9.100169032,20.08347853
-9.090090501,20.9260978
-9.08001197,21.78537284
-9.069933439,22.66014646
-9.059854908,23.5488717
-9.049776377,24.45018223
-9.039697846,25.36741799
-9.029619315,26.29873908
-9.019540784,27.23712693
-9.009462252,28.18037948
-8.999383721,29.1261406
-8.98930519,30.07190857
-8.979226659,31.01504686
-8.969148128,31.95279726
-8.959069597,32.88229525
-8.948991066,33.80058746
-8.938912535,34.70478515
-8.928834004,35.59158384
-8.918755473,36.45799558
-8.908676942,37.31087868
-8.898598411,38.14708695
-8.888519879,38.95349666
-8.878441348,39.72691082
-8.868362817,40.4647159
-8.858284286,41.16369861
-8.848205755,41.82128392
-8.838127224,42.43497899
-8.828048693,43.00748052
-8.817970162,43.53670565
-8.807891631,44.02078899
-8.7978131,44.45823476
-8.787734569,44.84245418
-8.777656038,45.17247911
-8.767577506,45.44754727
-8.757498975,45.67219156
-8.747420444,45.85122816
-8.737341913,45.9848754
-8.727263382,46.06838299
-8.717184851,46.0972485
-8.70710632,46.07746153
-8.697027789,46.0103164
-8.686949258,45.8969793
-8.676870727,45.73931484
-8.666792196,45.53407505
-8.656713665,45.28331833
-8.646635133,44.98917034
-8.636556602,44.65416821
-8.626478071,44.28600498
-8.61639954,43.88711773
-8.606321009,43.46034824
-8.596242478,43.00860438
-8.586163947,42.5294644
-8.576085416,42.02585493
-8.566006885,41.50060497
-8.555928354,40.95653218
-8.545849823,40.39642434
-8.535771291,39.82302261
-8.52569276,39.23900663
-8.515614229,38.64698187
-8.505535698,38.0494689
-8.495457167,37.44889503
-8.485378636,36.85256474
-8.475300105,36.26764094
-8.465221574,35.69115217
-8.455143043,35.11998505
-8.445064512,34.55590237
-8.434985981,34.0007053
-8.42490745,33.45573808
-8.414828918,32.92771532
-8.404750387,32.41778944
-8.394671856,31.92237554
-8.384593325,31.44270467
-8.374514794,30.97996342
-8.364436263,30.53530333
-8.354357732,30.10984978
-8.344279201,29.70470995
-8.33420067,29.32097971
-8.324122139,28.95988321
-8.314043608,28.62227533
-8.303965077,28.30935352
-8.293886545,28.02718745
-8.283808014,27.77683319
-8.273729483,27.559201
-8.263650952,27.37549935
-8.253572421,27.22154372
-8.24349389,27.09824278
-8.233415359,27.0064794
-8.223336828,26.94710041
-8.213258297,26.92090488
-8.203179766,26.92863089
-8.193101235,26.97094103
-8.183022704,27.04840687
-8.172944172,27.16149257
-8.162865641,27.31053806
-8.15278711,27.5007185
-8.142708579,27.73203593
-8.132630048,27.99930302
-8.122551517,28.30201275
-8.112472986,28.63979541
-8.102394455,29.0116965
-8.092315924,29.41666715
-8.082237393,29.85342089
-8.072158862,30.32042655
-8.06208033,30.81603753
-8.052001799,31.33798823
-8.041923268,31.8842382
-8.031844737,32.45202665
-8.021766206,33.04367212
-8.011687675,33.6561438
-8.001609144,34.28118222
-7.991530613,34.91509557
-7.981452082,35.55469984
-7.971373551,36.19619224
-7.96129502,36.83517821
-7.951216489,37.4728285
-7.941137957,38.10502399
-7.931059426,38.72260285
-7.920980895,39.32138798
-7.910902364,39.89727499
-7.900823833,40.44621617
-7.890745302,40.96415187
-7.880666771,41.45252613
-7.87058824,41.90759498
-7.860509709,42.32109732
-7.850431178,42.68964434
-7.840352647,43.01037697
-7.830274116,43.28088766
-7.820195584,43.50396055
-7.810117053,43.68281825
-7.800038522,43.81094053
-7.789959991,43.88182951
-7.77988146,43.90003455
-7.769802929,43.86492647
-7.759724398,43.7767319
-7.749645867,43.6406644
-7.739567336,43.4574284
-7.729488805,43.22307568
-7.719410274,42.93400709
-7.709331743,42.59684119
-7.699253211,42.21387462
-7.68917468,41.78224404
-7.679096149,41.30981911
-7.669017618,40.79936449
-7.658939087,40.24901329
-7.648860556,39.66222924
-7.638782025,39.04229824
-7.628703494,38.39300694
-7.618624963,37.71816401
-7.608546432,37.02167593
-7.598467901,36.30765071
-7.588389369,35.57986691
-7.578310838,34.84245474
-7.568232307,34.09944866
-7.558153776,33.35470819
-7.548075245,32.61234173
-7.537996714,31.8761628
-7.527918183,31.14964188
-7.517839652,30.44143959
-7.507761121,29.75495024
-7.49768259,29.09339711
-7.487604059,28.45976533
-7.477525528,27.85194744
-7.467446996,27.27227694
-7.457368465,26.7232245
-7.447289934,26.20694225
-7.437211403,25.72536303
-7.427132872,25.28032808
-7.417054341,24.87307962
-7.40697581,24.50994196
-7.396897279,24.19187796
-7.386818748,23.91472634
-7.376740217,23.67858297
-7.366661686,23.48398028
-7.356583155,23.3306237
-7.346504623,23.21858257
-7.336426092,23.14694762
-7.326347561,23.11504569
-7.31626903,23.12186326
-7.306190499,23.16615992
-7.296111968,23.24661115
-7.286033437,23.3613175
-7.275954906,23.50852667
-7.265876375,23.68633459
-7.255797844,23.89230712
-7.245719313,24.12420852
-7.235640782,24.37960202
-7.22556225,24.65592546
-7.215483719,24.95051581
-7.205405188,25.26068892
-7.195326657,25.58373927
-7.185248126,25.91696789
-7.175169595,26.25771091
-7.165091064,26.60336806
-7.155012533,26.951431
-7.144934002,27.30448743
-7.134855471,27.66025625
-7.12477694,28.01658937
-7.114698409,28.3714954
-7.104619877,28.71807815
-7.094541346,29.05499501
-7.084462815,29.38078704
-7.074384284,29.69452712
-7.064305753,29.99519314
-7.054227222,30.29233553
-7.044148691,30.58564758
-7.03407016,30.86496294
-7.023991629,31.13068015
-7.013913098,31.38309011
-7.003834567,31.62286373
-6.993756035,31.855877
-6.983677504,32.08319843
-6.973598973,32.30106502
-6.963520442,32.51074062
-6.953441911,32.71395825
-6.94336338,32.9171567
-6.933284849,33.12195861
-6.923206318,33.32513779
-6.913127787,33.52807615
-6.903049256,33.73235742
-6.892970725,33.93962881
-6.882892194,34.15639205
-6.872813662,34.38377541
-6.862735131,34.61776853
-6.8526566,34.85950418
-6.842578069,35.10944519
-6.832499538,35.36821012
-6.822421007,35.63619132
-6.812342476,35.91328309
-6.802263945,36.19924266
-6.792185414,36.49350067
-6.782106883,36.79558238
-6.772028352,37.10440278
-6.761949821,37.41866987
-6.751871289,37.73720994
-6.741792758,38.05827282
-6.731714227,38.38502755
-6.721635696,38.71545719
-6.711557165,39.04251537
-6.701478634,39.36364084
-6.691400103,39.6765166
-6.681321572,39.98362612
-6.671243041,40.28239671
-6.66116451,40.56536238
-6.651085979,40.83465931
-6.641007448,41.08779598
-6.630928916,41.3172337
-6.620850385,41.52548861
-6.610771854,41.71018989
-6.600693323,41.8641321
-6.590614792,41.98523596
-6.580536261,42.07646301
-6.57045773,42.13647862
-6.560379199,42.16340694
-6.550300668,42.15605639
-6.540222137,42.10837341
-6.530143606,42.01955026
-6.520065074,41.88905554
-6.509986543,41.72161531
-6.499908012,41.51722366
-6.489829481,41.27103574
-6.47975095,40.98380436
-6.469672419,40.66129962
-6.459593888,40.3043103
-6.449515357,39.90921013
-6.439436826,39.47749052
-6.429358295,39.01585436
-6.419279764,38.52621039
-6.409201233,38.00565761
-6.399122701,37.45645998
-6.38904417,36.88105194
-6.378965639,36.2869961
-6.368887108,35.67697208
-6.358808577,35.04875633
-6.348730046,34.41016975
-6.338651515,33.76408903
-6.328572984,33.10856001
-6.318494453,32.45124398
-6.308415922,31.79527289
-6.298337391,31.13828058
-6.28825886,30.48332529
-6.278180328,29.83294556
-6.268101797,29.18995872
-6.258023266,28.55699649
-6.247944735,27.93672978
-6.237866204,27.33148634
-6.227787673,26.74347236
-6.217709142,26.17496784
-6.207630611,25.62786763
-6.19755208,25.10441372
-6.187473549,24.60594845
-6.177395018,24.13411854
-6.167316487,23.69028772
-6.157237955,23.28074981
-6.147159424,22.90636712
-6.137080893,22.56256447
-6.127002362,22.25061273
-6.116923831,21.97039297
-6.1068453,21.7223532
-6.096766769,21.50642999
-6.086688238,21.32250272
-6.076609707,21.17005419
-6.066531176,21.04912858
-6.056452645,20.95892219
-6.046374113,20.89860926
-6.036295582,20.86761418
-6.026217051,20.86467355
-6.01613852,20.88911187
-6.006059989,20.94480775
-5.995981458,21.03032232
-5.985902927,21.13962265
-5.975824396,21.27113852
-5.965745865,21.42351035
-5.955667334,21.59573867
-5.945588803,21.78609528
-5.935510272,21.99334997
-5.92543174,22.2162044
-5.915353209,22.45354812
-5.905274678,22.70894891
-5.895196147,22.98138585
-5.885117616,23.26495036
-5.875039085,23.55845709
-5.864960554,23.86119052
-5.854882023,24.17247014
-5.844803492,24.49190272
-5.834724961,24.81889117
-5.82464643,25.15348679
-5.814567899,25.49534056
-5.804489367,25.84497211
-5.794410836,26.20772642
-5.784332305,26.58389003
-5.774253774,26.96926547
-5.764175243,27.36473913
-5.754096712,27.77135158
-5.744018181,28.19526585
-5.73393965,28.63771227
-5.723861119,29.09552922
-5.713782588,29.56992757
-5.703704057,30.06259984
-5.693625526,30.57569901
-5.683546994,31.11568697
-5.673468463,31.68452829
-5.663389932,32.2789744
-5.653311401,32.90619112
-5.64323287,33.5674431
-5.633154339,34.2598559
-5.623075808,34.98458367
-5.612997277,35.74311882
-5.602918746,36.53667941
-5.592840215,37.36617899
-5.582761684,38.2327794
-5.572683152,39.13665238
-5.562604621,40.07816518
-5.55252609,41.06214617
-5.542447559,42.08856192
-5.532369028,43.15129003
-5.522290497,44.2493094
-5.512211966,45.38102715
-5.502133435,46.54496292
-5.492054904,47.73853831
-5.481976373,48.95929265
-5.471897842,50.20431054
-5.461819311,51.47023557
-5.451740779,52.75373632
-5.441662248,54.05081943
-5.431583717,55.35738503
-5.421505186,56.66906917
-5.411426655,57.98625391
-5.401348124,59.30405995
-5.391269593,60.61778322
-5.381191062,61.92222757
-5.371112531,63.21238453
-5.361034,64.48284323
-5.350955469,65.72356949
-5.340876938,66.92949591
-5.330798406,68.10067421
-5.320719875,69.2373051
-5.310641344,70.3347667
-5.300562813,71.38365586
-5.290484282,72.37484195
-5.280405751,73.30949418
-5.27032722,74.1842797
-5.260248689,74.99089004
-5.250170158,75.72676551
-5.240091627,76.39455967
-5.230013096,76.9976926
-5.219934565,77.52979298
-5.209856033,77.98967021
-5.199777502,78.37691248
-5.189698971,78.69143339
-5.17962044,78.9386789
-5.169541909,79.11911985
-5.159463378,79.22894299
-5.149384847,79.2695728
-5.139306316,79.24775279
-5.129227785,79.16054948
-5.119149254,79.01029003
-5.109070723,78.79955319
-5.098992191,78.52629247
-5.08891366,78.19816087
-5.078835129,77.81866379
-5.068756598,77.39107615
-5.058678067,76.91864683
-5.048599536,76.39966055
-5.038521005,75.84263364
-5.028442474,75.25110605
-5.018363943,74.6232159
-5.008285412,73.96237216
-4.998206881,73.27678125
-4.98812835,72.5694328
-4.978049818,71.83852769
-4.967971287,71.09172031
-4.957892756,70.33177273
-4.947814225,69.55590928
-4.937735694,68.7666446
-4.927657163,67.97096465
-4.917578632,67.17064896
-4.907500101,66.36751134
-4.89742157,65.56306398
-4.887343039,64.75365545
-4.877264508,63.9453429
-4.867185977,63.13951826
-4.857107445,62.3317116
-4.847028914,61.5277858
-4.836950383,60.7284033
-4.826871852,59.92917747
-4.816793321,59.13062803
-4.80671479,58.33819872
-4.796636259,57.55233694
-4.786557728,56.76861697
-4.776479197,55.99222244
-4.766400666,55.22359593
-4.756322135,54.45845274
-4.746243604,53.69731556
-4.736165072,52.94541856
-4.726086541,52.20374783
-4.71600801,51.47286776
-4.705929479,50.7535342
-4.695850948,50.04172122
-4.685772417,49.33811233
-4.675693886,48.64383248
-4.665615355,47.96497424
-4.655536824,47.30270802
-4.645458293,46.65327582
-4.635379762,46.01786815
-4.62530123,45.40306242
-4.615222699,44.81024523
-4.605144168,44.23560026
-4.595065637,43.68066217
-4.584987106,43.15185487
-4.574908575,42.650592
-4.564830044,42.17326199
-4.554751513,41.7212044
-4.544672982,41.29571799
-4.534594451,40.89817931
-4.52451592,40.52952585
-4.514437389,40.19606103
-4.504358857,39.89849894
-4.494280326,39.63266032
-4.484201795,39.3995857
-4.474123264,39.19933657
-4.464044733,39.03264424
-4.453966202,38.90448007
-4.443887671,38.81511269
-4.43380914,38.75925908
-4.423730609,38.73657376
-4.413652078,38.74642946
-4.403573547,38.78839181
-4.393495016,38.86135066
-4.383416484,38.96447198
-4.373337953,39.09641239
-4.363259422,39.25569233
-4.353180891,39.44599363
-4.34310236,39.66546726
-4.333023829,39.90724515
-4.322945298,40.16933682
-4.312866767,40.44950548
-4.302788236,40.75070654
-4.292709705,41.07034932
-4.282631174,41.4012351
-4.272552643,41.74074991
-4.262474111,42.09122348
-4.25239558,42.45016343
-4.242317049,42.81006606
-4.232238518,43.16821883
-4.222159987,43.52194984
-4.212081456,43.86895993
-4.202002925,44.20671235
-4.191924394,44.53286999
-4.181845863,44.85015415
-4.171767332,45.15631562
-4.161688801,45.44456928
-4.151610269,45.71789369
-4.141531738,45.97949979
-4.131453207,46.22271674
-4.121374676,46.44107489
-4.111296145,46.63822504
-4.101217614,46.81297801
-4.091139083,46.95936461
-4.081060552,47.07649778
-4.070982021,47.16404667
-4.06090349,47.22166229
-4.050824959,47.24887022
-4.040746428,47.25120171
-4.030667896,47.22853911
-4.020589365,47.18153812
-4.010510834,47.11554154
-4.000432303,47.02636534
-3.990353772,46.90972698
-3.980275241,46.76685864
-3.97019671,46.59891699
-3.960118179,46.40686487
-3.950039648,46.19759238
-3.939961117,45.97225307
-3.929882586,45.72746107
-3.919804055,45.46513439
-3.909725523,45.19187774
-3.899646992,44.90947835
-3.889568461,44.6146514
-3.87948993,44.30946554
-3.869411399,44.00075417
-3.859332868,43.69000474
-3.849254337,43.37437
-3.839175806,43.05562518
-3.829097275,42.74039825
-3.819018744,42.43013663
-3.808940213,42.12180864
-3.798861682,41.81673102
-3.78878315,41.51664266
-3.778704619,41.22783347
-3.768626088,40.95165108
-3.758547557,40.68436468
-3.748469026,40.42704885
-3.738390495,40.18105457
-3.728311964,39.94743432
-3.718233433,39.7269432
-3.708154902,39.52050935
-3.698076371,39.33434648
-3.68799784,39.16886021
-3.677919309,39.01986166
-3.667840777,38.88787357
-3.657762246,38.77371074
-3.647683715,38.67790725
-3.637605184,38.60071851
-3.627526653,38.54269826
-3.617448122,38.50922824
-3.607369591,38.50063362
-3.59729106,38.51705309
-3.587212529,38.55888633
-3.577133998,38.62124108
-3.567055467,38.70890005
-3.556976935,38.82206026
-3.546898404,38.9553814
-3.536819873,39.10868392
-3.526741342,39.2819692
-3.516662811,39.47481298
-3.50658428,39.68686287
-3.496505749,39.91783383
-3.486427218,40.17197851
-3.476348687,40.44880054
-3.466270156,40.74273645
-3.456191625,41.05274827
-3.446113094,41.37805308
-3.436034562,41.71756621
-3.425956031,42.07045372
-3.4158775,42.43542203
-3.405798969,42.81633022
-3.395720438,43.21156405
-3.385641907,43.61464149
-3.375563376,44.02434215
-3.365484845,44.43863157
-3.355406314,44.86085565
-3.345327783,45.28920305
-3.335249252,45.71676759
-3.325170721,46.14155084
-3.315092189,46.56652827
-3.305013658,46.98964387
-3.294935127,47.40382483
-3.284856596,47.81209918
-3.274778065,48.21214253
-3.264699534,48.59703196
-3.254621003,48.96475331
-3.244542472,49.31334851
-3.234463941,49.64585688
-3.22438541,49.96065448
-3.214306879,50.25120905
-3.204228348,50.52099015
-3.194149816,50.76827554
-3.184071285,50.98732208
-3.173992754,51.1767109
-3.163914223,51.33569894
-3.153835692,51.46364614
-3.143757161,51.5651054
-3.13367863,51.63983601
-3.123600099,51.6878107
-3.113521568,51.70929688
-3.103443037,51.70424775
-3.093364506,51.67851488
-3.083285974,51.62777129
-3.073207443,51.54760357
-3.063128912,51.43914816
-3.053050381,51.30860661
-3.04297185,51.1573493
-3.032893319,50.98677288
-3.022814788,50.79886805
-3.012736257,50.59001684
-3.002657726,50.36217898
-2.992579195,50.11720993
-2.982500664,49.8573973
-2.972422133,49.58486694
-2.962343601,49.30156386
-2.95226507,49.01467875
-2.942186539,48.72677137
-2.932108008,48.43464772
-2.922029477,48.14552142
-2.911950946,47.86631743
-2.901872415,47.59421965
-2.891793884,47.32593938
-2.881715353,47.06321962
-2.871636822,46.80771381
-2.861558291,46.56086996
-2.85147976,46.32437052
-2.841401228,46.09941641
-2.831322697,45.88722337
-2.821244166,45.6888841
-2.811165635,45.51034242
-2.801087104,45.35240065
-2.791008573,45.21072005
-2.780930042,45.09068427
-2.770851511,44.99288226
-2.76077298,44.91253726
-2.750694449,44.84950364
-2.740615918,44.80387179
-2.730537387,44.78050358
-2.720458855,44.77915455
-2.710380324,44.79448134
-2.700301793,44.82593454
-2.690223262,44.87323758
-2.680144731,44.93557843
-2.6700662,45.01270002
-2.659987669,45.10853846
-2.649909138,45.22234204
-2.639830607,45.35351945
-2.629752076,45.50104204
-2.619673545,45.65897346
-2.609595013,45.82633123
-2.599516482,46.00211331
-2.589437951,46.18543432
-2.57935942,46.38000201
-2.569280889,46.58472927
-2.559202358,46.79373427
-2.549123827,47.01070534
-2.539045296,47.23443385
-2.528966765,47.45867933
-2.518888234,47.68215988
-2.508809703,47.90357432
-2.498731172,48.12160079
-2.48865264,48.33989961
-2.478574109,48.55706704
-2.468495578,48.76663482
-2.458417047,48.97209243
-2.448338516,49.17189277
-2.438259985,49.35934802
-2.428181454,49.53804906
-2.418102923,49.70619278
-2.408024392,49.85708975
-2.397945861,49.98892262
-2.38786733,50.10022591
-2.377788799,50.18932028
-2.367710267,50.25919347
-2.357631736,50.30867787
-2.347553205,50.33578141
-2.337474674,50.33915319
-2.327396143,50.31203865
-2.317317612,50.25299642
-2.307239081,50.16093804
-2.29716055,50.03467545
-2.287082019,49.87780738
-2.277003488,49.68976688
-2.266924957,49.46965621
-2.256846426,49.21686954
-2.246767894,48.92613016
-2.236689363,48.59699275
-2.226610832,48.22948041
-2.216532301,47.82409333
-2.20645377,47.38608264
-2.196375239,46.92138917
-2.186296708,46.4258382
-2.176218177,45.9004488
-2.166139646,45.35174532
-2.156061115,44.77612918
-2.145982584,44.17033758
-2.135904052,43.5362086
-2.125825521,42.87614052
-2.11574699,42.19239549
-2.105668459,41.49250711
-2.095589928,40.77913593
-2.085511397,40.05023642
-2.075432866,39.30849696
-2.065354335,38.55704904
-2.055275804,37.8039714
-2.045197273,37.05237991
-2.035118742,36.30029573
-2.025040211,35.55603627
-2.014961679,34.82264718
-2.004883148,34.0977725
-1.994804617,33.38454052
-1.984726086,32.68585696
-1.974647555,32.00428432
-1.964569024,31.34252581
-1.954490493,30.7027739
-1.944411962,30.08740578
-1.934333431,29.49852371
-1.9242549,28.93818576
-1.914176369,28.40789672
-1.904097838,27.90931207
-1.894019306,27.44368041
-1.883940775,27.01239653
-1.873862244,26.6162926
-1.863783713,26.25616965
-1.853705182,25.93261356
-1.843626651,25.65097693
-1.83354812,25.41158172
-1.823469589,25.20919779
-1.813391058,25.04364573
-1.803312527,24.9148294
-1.793233996,24.82214252
-1.783155465,24.76497974
-1.773076933,24.74274608
-1.762998402,24.75436432
-1.752919871,24.80396973
-1.74284134,24.89037273
-1.732762809,25.00775528
-1.722684278,25.15435283
-1.712605747,25.32914394
-1.702527216,25.53056614
-1.692448685,25.75713048
-1.682370154,26.0072936
-1.672291623,26.28444003
-1.662213091,26.58678992
-1.65213456,26.90785253
-1.642056029,27.24584823
-1.631977498,27.59863154
-1.621898967,27.96472069
-1.611820436,28.34214701
-1.601741905,28.72906988
-1.591663374,29.12364996
-1.581584843,29.52405681
-1.571506312,29.93334708
-1.561427781,30.34992941
-1.55134925,30.76686424
-1.541270718,31.18226016
-1.531192187,31.59462107
-1.521113656,32.00214698
-1.511035125,32.40327306
-1.500956594,32.79649161
-1.490878063,33.18036129
-1.480799532,33.5535696
-1.470721001,33.91491327
-1.46064247,34.2682819
-1.450563939,34.61256609
-1.440485408,34.94708708
-1.430406877,35.27078515
-1.420328345,35.58317229
-1.410249814,35.88349098
-1.400171283,36.16624
-1.390092752,36.43103132
-1.380014221,36.68258792
-1.36993569,36.92064214
-1.359857159,37.1403783
-1.349778628,37.3416018
-1.339700097,37.52470394
-1.329621566,37.69478594
-1.319543035,37.85215858
-1.309464504,37.99219694
-1.299385972,38.11531979
-1.289307441,38.22189388
-1.27922891,38.31256233
-1.269150379,38.39294642
-1.259071848,38.46332689
-1.248993317,38.51934021
-1.238914786,38.56156266
-1.228836255,38.5903146
-1.218757724,38.60601774
-1.208679193,38.60905162
-1.198600662,38.60472184
-1.18852213,38.5932891
-1.178443599,38.56990996
-1.168365068,38.53960125
-1.158286537,38.50232386
-1.148208006,38.45308905
-1.138129475,38.39134337
-1.128050944,38.31715241
-1.117972413,38.23004809
-1.107893882,38.12953606
-1.097815351,38.02039321
-1.08773682,37.9019749
-1.077658289,37.7687258
-1.067579757,37.62004751
-1.057501226,37.45533272
-1.047422695,37.27908698
-1.037344164,37.09044715
-1.027265633,36.88390249
-1.017187102,36.65885013
-1.007108571,36.41971321
-0.99703004,36.16596083
-0.986951509,35.89211897
-0.976872978,35.59777242
-0.966794447,35.28259771
-0.956715916,34.94637168
-0.946637384,34.59395566
-0.936558853,34.22531032
-0.926480322,33.83539463
-0.916401791,33.42972013
-0.90632326,33.00817524
-0.896244729,32.56623849
-0.886166198,32.10438949
-0.876087667,31.62323881
-0.866009136,31.12352682
-0.855930605,30.61109801
-0.845852074,30.08690609
-0.835773543,29.54690335
-0.825695011,28.99247496
-0.81561648,28.42972394
-0.805537949,27.85997487
-0.795459418,27.27963308
-0.785380887,26.69016869
-0.775302356,26.09313206
-0.765223825,25.49014545
-0.755145294,24.88278753
-0.745066763,24.27303192
-0.734988232,23.66252807
-0.724909701,23.05806944
-0.714831169,22.46145796
-0.704752638,21.86949384
-0.694674107,21.28395694
-0.684595576,20.70662003
-0.674517045,20.13923857
-0.664438514,19.58354039
-0.654359983,19.04110885
-0.644281452,18.51382018
-0.634202921,18.0031237
-0.62412439,17.51053303
-0.614045859,17.03748174
-0.603967328,16.58531315
-0.593888796,16.16024697
-0.583810265,15.76337827
-0.573731734,15.39066862
-0.563653203,15.04292929
-0.553574672,14.72083714
-0.543496141,14.42482128
-0.53341761,14.1555049
-0.523339079,13.91288412
-0.513260548,13.69727319
-0.503182017,13.50835142
-0.493103486,13.34611049
-0.483024955,13.21001016
-0.472946423,13.09948023
-0.462867892,13.01368175
-0.452789361,12.95195797
-0.44271083,12.91312941
-0.432632299,12.89600152
-0.422553768,12.89923805
-0.412475237,12.92126346
-0.402396706,12.96072093
-0.392318175,13.01577456
-0.382239644,13.08462375
-0.372161113,13.16538304
-0.362082582,13.25609695
-0.35200405,13.35464912
-0.341925519,13.45922642
-0.331846988,13.56762637
-0.321768457,13.67777579
-0.311689926,13.78761387
-0.301611395,13.89510922
-0.291532864,13.99827641
-0.281454333,14.09508564
-0.271375802,14.18890266
-0.261297271,14.27780269
-0.25121874,14.35497954
-0.241140209,14.41906396
-0.231061677,14.47342617
-0.220983146,14.51669665
-0.210904615,14.54264147
-0.200826084,14.55016167
-0.190747553,14.53832294
-0.180669022,14.50625382
-0.170590491,14.45359642
-0.16051196,14.3797982
-0.150433429,14.284613
-0.140354898,14.16796483
-0.130276367,14.03481425
-0.120197835,13.88560966
-0.110119304,13.71557171
-0.100040773,13.5251792
-0.089962242,13.31494383
-0.079883711,13.08584895
-0.06980518,12.83863014
-0.059726649,12.57426619
-0.049648118,12.29383372
-0.039569587,11.99849541
-0.029491056,11.68938144
-0.019412525,11.36802498
-0.009333994,11.03564055
0.000744538,10.69848358
0.010823069,10.35816099
0.0209016,10.01091054
0.030980131,9.658083234
0.041058662,9.30102273
0.051137193,8.941055807
0.061215724,8.579377023
0.071294255,8.217488274
0.081372786,7.856481854
0.091451317,7.497535163
0.101529848,7.141664108
0.111608379,6.790165496
0.121686911,6.443902993
0.131765442,6.103804796
0.141843973,5.770726467
0.151922504,5.445448455
0.162001035,5.128674328
0.172079566,4.821029713
0.182158097,4.523061909
0.192236628,4.235133705
0.202315159,3.957872123
0.21239369,3.691460578
0.222472221,3.436142533
0.232550752,3.192090081
0.242629284,2.959406917
0.252707815,2.738131702
0.262786346,2.52824178
0.272864877,2.329657175
0.282943408,2.142244834
0.293021939,1.965823052
0.30310047,1.80016603
0.313179001,1.645008508
0.323257532,1.499943979
0.333336063,1.364877202
0.343414594,1.239319466
0.353493126,1.122894728
0.363571657,1.015210007
0.373650188,0.915859564
0.383728719,0.824428843
0.39380725,0.740498194
0.403885781,0.663646316
0.413964312,0.593453435
0.424042843,0.529504186
0.434121374,0.471390199
0.444199905,0.418712391
0.454278436,0.371082955
0.464356967,0.328127059
0.474435499,0.28948426
0.48451403,0.254809643
0.494592561,0.223774706
0.504671092,0.196067989
0.514749623,0.171395494
0.524828154,0.149480884
0.534906685,0.1300655
0.544985216,0.11304216
0.555063747,0.097953239
0.565142278,0.084699595
0.575220809,0.073092218
0.58529934,0.062958119
0.595377872,0.054139703
0.605456403,0.0464941
0.615534934,0.039892469
0.625613465,0.034219288
0.635691996,0.029371652
0.645770527,0.025152131
0.655849058,0.021715965
0.665927589,0.018861133
0.67600612,0.016529418
0.686084651,0.014565512
0.696163182,0.013164417
0.706241713,0.012161748
0.716320245,0.01153505
0.726398776,0.01126961
0.736477307,0.011358266
0.746555838,0.011801286
0.756634369,0.0126063
0.7667129,0.013788293
0.776791431,0.015369644
0.786869962,0.017273778
0.796948493,0.019773158
0.807027024,0.022780159
0.817105555,0.026348924
0.827184087,0.030541665
0.837262618,0.035428924
0.847341149,0.041089815
0.85741968,0.047612256
0.867498211,0.055093164
0.877576742,0.063638602
0.887655273,0.073363864
0.897733804,0.084393478
0.907812335,0.096861114
0.917890866,0.110802931
0.927969397,0.126605096
0.938047928,0.144293999
0.94812646,0.164037256
0.958204991,0.18600896
0.968283522,0.210388686
0.978362053,0.237360276
0.988440584,0.267110427
0.998519115,0.299827034
1.008597646,0.335697324
1.018676177,0.374905761
1.028754708,0.417631736
1.038833239,0.46404705
1.04891177,0.514313214
1.058990301,0.568578579
1.069068833,0.626975324
1.079147364,0.689616347
1.089225895,0.75659208
1.099304426,0.827967286
1.109382957,0.903777882
1.119461488,0.984027836
1.129540019,1.068686204
1.13961855,1.15768436
1.149697081,1.250913482
1.159775612,1.348222357
1.169854143,1.449415562
1.179932674,1.554252087
1.190011206,1.66244445
1.200089737,1.773792309
1.210168268,1.887681087
1.220246799,2.003792201
1.23032533,2.121656778
1.240403861,2.240764367
1.250482392,2.360565888
1.260560923,2.480477271
1.270639454,2.59988376
1.280717985,2.718144855
1.290796516,2.834599852
1.300875048,2.948573925
1.310953579,3.059384684
1.32103211,3.166349123
1.331110641,3.268790881
1.341189172,3.366047715
1.351267703,3.457613019
1.361346234,3.542641775
1.371424765,3.620667358
1.381503296,3.69116094
1.391581827,3.753644876
1.401660358,3.8076992
1.411738889,3.852967566
1.421817421,3.889162561
1.431895952,3.916070282
1.441974483,3.933554124
1.452053014,3.941557708
1.462131545,3.945083605
1.472210076,3.944203178
1.482288607,3.934057205
1.492367138,3.914847291
1.502445669,3.886858364
1.5125242,3.850456937
1.522602731,3.806088455
1.532681262,3.754273786
1.542759794,3.695604896
1.552838325,3.630739787
1.562916856,3.56039677
1.572995387,3.485348159
1.583073918,3.406413482
1.593152449,3.324452287
1.60323098,3.240356654
1.613309511,3.155043497
1.623388042,3.069446757
1.633466573,2.98450956
1.643545104,2.901176431
1.653623635,2.820385641
1.663702167,2.743061747
1.673780698,2.670108382
1.683859229,2.60240136
1.69393776,2.540782113
1.704016291,2.486051515
1.714094822,2.4389641
1.724173353,2.400222705
1.734251884,2.370473529
1.744330415,2.35030164
1.754408946,2.340226899
1.764487477,2.340700325
1.774566009,2.352100882
1.78464454,2.374732685
1.794723071,2.408822624
1.804801602,2.454518399
1.814880133,2.511886967
1.824958664,2.580913403
1.835037195,2.661500169
1.845115726,2.753466824
1.855194257,2.856550151
1.865272788,2.970404748
1.875351319,3.094604074
1.88542985,3.228641983
1.895508382,3.371934753
1.905586913,3.523823638
1.915665444,3.683577948
1.925743975,3.850398683
1.935822506,4.023422717
1.945901037,4.201727546
1.955979568,4.384336594
1.966058099,4.570225074
1.97613663,4.758326377
1.986215161,4.947672921
1.996293692,5.136901905
2.006372223,5.32497246
2.016450755,5.510726017
2.026529286,5.693001307
2.036607817,5.870643172
2.046686348,6.042511538
2.056764879,6.207490499
2.06684341,6.364497384
2.076921941,6.51249174
2.087000472,6.650484122
2.097079003,6.777544594
2.107157534,6.89281084
2.117236065,7.00047249
2.127314596,7.099786912
2.137393128,7.185086081
2.147471659,7.255774417
2.15755019,7.311357832
2.167628721,7.351448553
2.177707252,7.375768955
2.187785783,7.384154352
2.197864314,7.376554704
2.207942845,7.353035216
2.218021376,7.313775826
2.228099907,7.259069571
2.238178438,7.189319882
2.24825697,7.105036808
2.258335501,7.006832253
2.268414032,6.90039097
2.278492563,6.786472736
2.288571094,6.660905495
2.298649625,6.52456954
2.308728156,6.378413138
2.318806687,6.223444348
2.328885218,6.060722408
2.338963749,5.891348811
2.34904228,5.716458155
2.359120811,5.537208856
2.369199343,5.354773842
2.379277874,5.17022484
2.389356405,4.98497113
2.399434936,4.800041339
2.409513467,4.616576504
2.419591998,4.43568791
2.429670529,4.258449287
2.43974906,4.085889475
2.449827591,3.91898558
2.459906122,3.758656675
2.469984653,3.605758049
2.480063184,3.461209993
2.490141716,3.325491594
2.500220247,3.199346105
2.510298778,3.083329736
2.520377309,2.977915374
2.53045584,2.88349044
2.540534371,2.800355348
2.550612902,2.728722545
2.560691433,2.668716136
2.570769964,2.620372072
2.580848495,2.583638922
2.590927026,2.558379185
2.601005557,2.544371185
2.611084089,2.541311498
2.62116262,2.548817952
2.631241151,2.566433159
2.641319682,2.593628605
2.651398213,2.629809277
2.661476744,2.674318818
2.671555275,2.726445204
2.681633806,2.785426928
2.691712337,2.850459655
2.701790868,2.920703339
2.711869399,2.995289739
2.721947931,3.073330318
2.732026462,3.153924447
2.742104993,3.23616786
2.752183524,3.319161291
2.762262055,3.402019209
2.772340586,3.483878563
2.782419117,3.563907438
2.792497648,3.641313528
2.802576179,3.715352315
2.81265471,3.785334846
2.822733241,3.850634999
2.832811772,3.91069613
2.842890304,3.965036999
2.852968835,4.013256866
2.863047366,4.05503968
2.873125897,4.090157269
2.883204428,4.118471463
2.893282959,4.139935099
2.90336149,4.159568561
2.913440021,4.177467184
2.923518552,4.188799202
2.933597083,4.193794242
2.943675614,4.1927627
2.953754145,4.186090675
2.963832677,4.174233821
2.973911208,4.1577102
2.983989739,4.137092202
2.99406827,4.11299767
3.004146801,4.08608033
3.014225332,4.057019676
3.024303863,4.0266444
3.034382394,3.995313559
3.044460925,3.964062939
3.054539456,3.933437171
3.064617987,3.904087381
3.074696518,3.876627231
3.08477505,3.851623493
3.094853581,3.829587347
3.104932112,3.810966547
3.115010643,3.79613859
3.125089174,3.785404985
3.135167705,3.778986735
3.145246236,3.777021093
3.155324767,3.779559653
3.165403298,3.786567806
3.175481829,3.79792558
3.18556036,3.813323394
3.195638892,3.832847407
3.205717423,3.85577341
3.215795954,3.881783841
3.225874485,3.910393185
3.235953016,3.941196562
3.246031547,3.973377173
3.256110078,4.006425442
3.266188609,4.039701557
3.27626714,4.072552748
3.286345671,4.104324359
3.296424202,4.134371002
3.306502733,4.162067613
3.316581265,4.186820245
3.326659796,4.208076435
3.336738327,4.22533499
3.346816858,4.238155044
3.356895389,4.246164253
3.36697392,4.249066016
3.377052451,4.246779571
3.387130982,4.239077304
3.397209513,4.23077293
3.407288044,4.221994266
3.417366575,4.207843606
3.427445106,4.188496393
3.437523638,4.164224224
3.447602169,4.135661172
3.4576807,4.102797745
3.467759231,4.06639562
3.477837762,4.027086948
3.487916293,3.985581297
3.497994824,3.942658803
3.508073355,3.899162548
3.518151886,3.855990274
3.528230417,3.814085576
3.538308948,3.774428689
3.548387479,3.738027022
3.558466011,3.705905543
3.568544542,3.679097173
3.578623073,3.658633299
3.588701604,3.645534513
3.598780135,3.640801718
3.608858666,3.645407656
3.618937197,3.660288992
3.629015728,3.686338991
3.639094259,3.724400871
3.64917279,3.775261882
3.659251321,3.839648132
3.669329852,3.918220202
3.679408384,4.011569534
3.689486915,4.120215617
3.699565446,4.24460392
3.709643977,4.385104578
3.719722508,4.542011758
3.729801039,4.715543681
3.73987957,4.905843225
3.749958101,5.112979056
3.760036632,5.3369472
3.770115163,5.577672997
3.780193694,5.835013339
3.790272226,6.10875913
3.800350757,6.398637865
3.810429288,6.70431627
3.820507819,7.025296458
3.83058635,7.361366298
3.840664881,7.71189245
3.850743412,8.076324135
3.860821943,8.454061048
3.870900474,8.844454898
3.880979005,9.246810589
3.891057536,9.660387036
3.901136067,10.08439759
3.911214599,10.51801011
3.92129313,10.96034667
3.931371661,11.41048291
3.941450192,11.87242396
3.951528723,12.34511198
3.961607254,12.82242551
3.971685785,13.30317037
3.981764316,13.78610269
3.991842847,14.26992867
4.001921378,14.75330464
4.011999909,15.23483734
4.02207844,15.71308462
4.032156972,16.18655671
4.042235503,16.65371797
4.052314034,17.11298952
4.062392565,17.56275252
4.072471096,18.00135242
4.082549627,18.42710415
4.092628158,18.83829832
4.102706689,19.23320843
4.11278522,19.61507593
4.122863751,19.9821283
4.132942282,20.32758992
4.143020813,20.64968565
4.153099345,20.95165403
4.163177876,21.23176993
4.173256407,21.48335956
4.183334938,21.70480763
4.193413469,21.8945968
4.203492,22.05132373
4.213570531,22.17371495
4.223649062,22.26064226
4.233727593,22.31113726
4.243806124,22.32440506
4.253884655,22.29983654
4.263963187,22.23701933
4.274041718,22.13574695
4.284120249,21.99602611
4.29419878,21.82305865
4.304277311,21.62222998
4.314355842,21.38901256
4.324434373,21.11940469
4.334512904,20.81423357
4.344591435,20.47467544
4.354669966,20.10211444
4.364748497,19.70808637
4.374827028,19.29428419
4.38490556,18.85254487
4.394984091,18.38481759
4.405062622,17.89319429
