-0.025,4.01976586686025e-23
-0.0249,2.911413105554701e-22
-0.0248,2.025979879637387e-21
-0.0247,1.354548763955033e-20
-0.0246,8.701264724902138e-20
-0.0245,5.370297441216737e-19
-0.0244,3.184509292413948e-18
-0.0243,1.814324321827047e-17
-0.0242,9.931516009008516e-17
-0.0241,5.223293078789534e-16
-0.024,2.639377238554651e-15
-0.0239,1.281406037554595e-14
-0.0238,5.977234493069951e-14
-0.0237,2.678810888602118e-13
-0.0236,1.153485280413105e-12
-0.0235,4.772108477716602e-12
-0.0234,1.896866736780122e-11
-0.0233,7.244219789646582e-11
-0.0232,2.658120903934092e-10
-0.0231,9.371005757530675e-10
-0.023,3.174140227632761e-09
-0.0229,1.032986265973947e-08
-0.0228,3.229919313832199e-08
-0.0227,9.703261080495107e-08
-0.0226,2.80074146019477e-07
-0.0225,7.767085667706973e-07
-0.0224,2.069539423812415e-06
-0.0223,5.298110158899263e-06
-0.0222,1.303171676065349e-05
-0.0221,3.079769258875433e-05
-0.022,6.993175087269411e-05
-0.0219,0.0001525723827713146
-0.0218,0.0003198388071271018
-0.0217,0.0006442472959920627
-0.0216,0.001246978393679393
-0.0215,0.002319412136427119
-0.0214,0.004146206966741539
-0.0213,0.007124257890488965
-0.0212,0.01176888436089286
-0.0211,0.01869706390199936
-0.021,0.02857946038625219
-0.0209,0.0420601807150247
-0.0208,0.05965594144628948
-0.0207,0.08166216690449876
-0.0206,0.1081066312554712
-0.0205,0.1387933861360729
-0.0204,0.1734633034759653
-0.0203,0.212060098622468
-0.0202,0.2550388359776019
-0.0201,0.3036047562183359
-0.02,0.3597477319645117
-0.0199,0.4259637431252822
-0.0198,0.5046379707564693
-0.0197,0.5971900211589455
-0.0196,0.7032113001583364
-0.0195,0.819903426823033
-0.0194,0.9421054861639495
-0.0193,1.063056510067585
-0.0192,1.175803972883031
-0.0191,1.274912570680009
-0.019,1.35794956882246
-0.0189,1.426211317400279
-0.0188,1.484345667315504
-0.0187,1.538875329541888
-0.0186,1.596023838115988
-0.0185,1.659539808270059
-0.0184,1.729280047927234
-0.0183,1.801098356814611
-0.0182,1.868150653185423
-0.0181,1.923217390495812
-0.018,1.961250896084986
-0.0179,1.981236141061594
-0.0178,1.986669444863006
-0.0177,1.984444786270599
-0.0176,1.982518378613313
-0.0175,1.987181536770719
-0.0174,2.000931554163344
-0.0173,2.021722315311244
-0.0172,2.043872072293114
-0.0171,2.060291356045516
-0.017,2.065200455039216
-0.0169,2.056320962927692
-0.0168,2.035721336812377
-0.0167,2.008999735664562
-0.0166,1.983109122755532
-0.0165,1.963635619707341
-0.0164,1.952542211837938
-0.0163,1.947213662693328
-0.0162,1.941155528316131
-0.0161,1.926095361946974
-0.016,1.894734550078004
-0.0159,1.843186824194144
-0.0158,1.772283687752706
-0.0157,1.687361408200456
-0.0156,1.59669648698108
-0.0155,1.509217571416556
-0.0154,1.432326394269702
-0.0153,1.370547365098323
-0.0152,1.325355560488487
-0.0151,1.296059490880979
-0.015,1.281222242402866
-0.0149,1.279937169476213
-0.0148,1.292385902538874
-0.0147,1.319443484067177
-0.0146,1.361520597888511
-0.0145,1.417177891991825
-0.0144,1.482176268006189
-0.0143,1.549486647734373
-0.0142,1.61042351944791
-0.0141,1.656624677480865
-0.014,1.682246499648552
-0.0139,1.685621274520055
-0.0138,1.669785883297835
-0.0137,1.641684701341408
-0.0136,1.610327189101644
-0.0135,1.584558924284167
-0.0134,1.571234953707488
-0.0133,1.574411295710181
-0.0132,1.595756866003852
-0.0131,1.635893077656696
-0.013,1.69598836906744
-0.0129,1.778828818123328
-0.0128,1.888811268074094
-0.0127,2.030789250850744
-0.0126,2.208259917069095
-0.0125,2.421778388533071
-0.0124,2.668529308826368
-0.0123,2.943601162327401
-0.0122,3.242794361273747
-0.0121,3.566003552568751
-0.012,3.919681236514016
-0.0119,4.316900697606428
-0.0118,4.774203000962574
-0.0117,5.305590195738218
-0.0116,5.915323607084843
-0.0115,6.592081884085639
-0.0114,7.307074073994588
-0.0113,8.017705151862636
-0.0112,8.676570510767002
-0.0111,9.243505628468485
-0.011,9.696922944507353
-0.0109,10.04040743828619
-0.0108,10.3017860682613
-0.0107,10.52433092848326
-0.0106,10.75258061427072
-0.0105,11.01741038034237
-0.0104,11.32556127421498
-0.0103,11.6575078012596
-0.0102,11.97468319986564
-0.0101,12.23369349707882
-0.01,12.40250107112469
-0.009900000000000001,12.4726879395624
-0.009800000000000001,12.46321831187094
-0.0097,12.41418321157341
-0.009600000000000001,12.3727122928925
-0.009500000000000001,12.37618852243136
-0.0094,12.4389663041674
-0.009299999999999999,12.54754031946174
-0.0092,12.66598842568746
-0.0091,12.74968459503266
-0.009000000000000001,12.76219267365555
-0.008900000000000002,12.68907993522014
-0.008800000000000002,12.54357707037039
-0.008699999999999999,12.36210562471357
-0.0086,12.19151512008207
-0.008500000000000001,12.07296485624872
-0.008400000000000001,12.02857611353665
-0.008300000000000002,12.05582533475597
-0.008199999999999999,12.13160130255967
-0.0081,12.22408478314753
-0.008,12.30757569812818
-0.007900000000000001,12.37425954036399
-0.007800000000000001,12.4381151718307
-0.007700000000000002,12.5292663427695
-0.007599999999999999,12.68088423703879
-0.0075,12.9137873491794
-0.0074,13.22496070303224
-0.007300000000000001,13.58486848620198
-0.007200000000000002,13.9451303502095
-0.007100000000000002,14.25410814667576
-0.006999999999999999,14.47475328810928
-0.0069,14.59796246639585
-0.0068,14.64617083154581
-0.006700000000000001,14.66547788562695
-0.006600000000000002,14.70893130507674
-0.006499999999999999,14.81703586185835
-0.006399999999999999,15.00275856467138
-0.0063,15.24674954024087
-0.006200000000000001,15.50472528527682
-0.006100000000000001,15.72436888315649
-0.006000000000000002,15.8654367735839
-0.005899999999999999,15.91544664894217
-0.0058,15.89490081333046
-0.0057,15.84991487961288
-0.005600000000000001,15.83490735813735
-0.005500000000000001,15.89183996209148
-0.005400000000000002,16.0339002830179
-0.005299999999999999,16.2399218604118
-0.0052,16.46181958637784
-0.0051,16.6423940512606
-0.005000000000000001,16.73690418849011
-0.004900000000000002,16.73034723941791
-0.004799999999999999,16.64399896373008
-0.004699999999999999,16.52885817909657
-0.0046,16.44865039582945
-0.004500000000000001,16.45904597183952
-0.004400000000000001,16.59117653003444
-0.004300000000000002,16.84580170417609
-0.004199999999999999,17.20021615983028
-0.004099999999999999,17.62482224756463
-0.004,18.10224899000351
-0.003900000000000001,18.64062102198698
-0.003800000000000001,19.27469431580673
-0.003700000000000002,20.05339274526182
-0.003599999999999999,21.01800830927181
-0.0035,22.17970661956291
-0.0034,23.50613337812699
-0.003300000000000001,24.92412342410536
-0.003200000000000001,26.33957230385319
-0.003100000000000002,27.66857268940317
-0.002999999999999999,28.86867134834931
-0.0029,29.95785180611553
-0.0028,31.01247967277205
-0.002700000000000001,32.14296389089755
-0.002600000000000002,33.45463200457048
-0.002499999999999999,35.00789182077123
-0.002399999999999999,36.79331169637371
-0.0023,38.73270304464143
-0.002200000000000001,40.70788775735177
-0.002100000000000001,42.60789864977291
-0.002000000000000002,44.37713206983999
-0.001899999999999999,46.04499327768773
-0.0018,47.72321290463656
-0.0017,49.56870759169425
-0.001600000000000001,51.72348522635977
-0.001500000000000001,54.2533857701747
-0.001400000000000002,57.10999501655503
-0.001299999999999999,60.13316420429629
-0.0012,63.09712688500546
-0.0011,65.78630897653183
-0.001000000000000001,68.07407108170463
-0.0009000000000000015,69.97422978348908
-0.0007999999999999986,71.64338047190428
-0.0006999999999999992,73.32946462852881
-0.0005999999999999998,75.28252349548151
-0.0005000000000000004,77.65931994611941
-0.000400000000000001,80.45797837876462
-0.0003000000000000017,83.50947640866401
-0.0001999999999999988,86.53247093169384
-9.999999999999939e-05,89.23381535074863
0,91.41841062961291
9.999999999999939e-05,93.06633700268247
0.0001999999999999988,94.34547837315644
0.0002999999999999982,95.55094545100765
0.000400000000000001,96.99023588282067
0.0005000000000000004,98.8547914876484
0.0005999999999999998,101.1258090767435
0.0006999999999999992,103.5514899129064
0.0007999999999999986,105.7078037453659
0.0009000000000000015,107.1243904452667
0.001000000000000001,107.4328156496328
0.0011,106.4853608063108
0.0012,104.4024702153042
0.001299999999999999,101.5323188108319
0.001399999999999998,98.33727250550614
0.001500000000000001,95.24763726963876
0.001600000000000001,92.5336537042967
0.0017,90.23863454866066
0.0018,88.19295661772948
0.001899999999999999,86.09932046624377
0.001999999999999998,83.65521829540279
0.002100000000000001,80.66757220183754
0.002200000000000001,77.12027779099826
0.0023,73.1748195836086
0.002399999999999999,69.10928358483423
0.002499999999999999,65.22245717617946
0.002600000000000002,61.73980638533986
0.002700000000000001,58.75416249541792
0.0028,56.21850631741317
0.0029,53.98788227991515
0.002999999999999999,51.89003690590018
0.003099999999999999,49.79596382471677
0.003200000000000001,47.66443527436681
0.003300000000000001,45.54675578190876
0.0034,43.55411414318723
0.0035,41.80374064541681
0.003599999999999999,40.36667200641391
0.003699999999999998,39.23742476215804
0.003800000000000001,38.33592258937837
0.003900000000000001,37.53889269163494
0.004,36.72678693750649
0.004099999999999999,35.82715237185103
0.004199999999999999,34.83781838480085
0.004300000000000002,33.82190691438147
0.004400000000000001,32.87789482362535
0.004500000000000001,32.09738473681545
0.0046,31.52739590579558
0.004699999999999999,31.15154470938824
0.004799999999999999,30.89666015709426
0.004900000000000002,30.66135885748986
0.005000000000000001,30.35476775379789
0.0051,29.93002963213694
0.0052,29.39964133516784
0.005299999999999999,28.82695524466124
0.005399999999999999,28.29742241251852
0.005500000000000001,27.88082343236127
0.005600000000000001,27.59897791412804
0.0057,27.41115233451513
0.0058,27.22260999921094
0.005899999999999999,26.91313060219399
0.005999999999999998,26.37512994881963
0.006100000000000001,25.54784001459135
0.006200000000000001,24.43586626238989
0.0063,23.10641086559967
0.006400000000000003,21.6671473308253
0.006499999999999999,20.23326337777098
0.006600000000000002,18.89527715749714
0.006699999999999998,17.69802267180437
0.0068,16.63647501637554
0.006900000000000003,15.66783821062732
0.006999999999999999,14.73390900098001
0.007100000000000002,13.78498415002972
0.007199999999999998,12.79717113083136
0.007300000000000001,11.77829451845953
0.007399999999999997,10.76215234972577
0.0075,9.794901312260135
0.007600000000000003,8.919484816363537
0.007699999999999999,8.163763854592144
0.007800000000000001,7.535789930814627
0.007899999999999997,7.026544026543866
0.008,6.617704067778585
0.008100000000000003,6.290548713161347
0.008199999999999999,6.032312234004819
0.008300000000000002,5.837880123060394
0.008399999999999998,5.70690096529531
0.008500000000000001,5.638291896726967
0.008600000000000003,5.625035233346183
0.008699999999999999,5.651834487762885
0.008800000000000002,5.696840074120082
0.008899999999999998,5.736861771294084
0.009000000000000001,5.753981077491289
0.009099999999999997,5.740843602599042
0.0092,5.70237792965557
0.009300000000000003,5.653054104648231
0.009399999999999999,5.610522179080482
0.009500000000000001,5.587889503787543
0.009599999999999997,5.587461982507577
0.0097,5.598277561727021
0.009800000000000003,5.598394681422054
0.009899999999999999,5.56118476635568
0.01,5.463458328801663
0.0101,5.292646067704748
0.0102,5.050658550901902
0.0103,4.7532763548641
0.0104,4.425494086391773
0.0105,4.094571773009632
0.0106,3.783175160571147
0.0107,3.504741179082323
0.0108,3.262246862517728
0.0109,3.050294767783225
0.011,2.859333504151723
0.0111,2.680276161287424
0.0112,2.507896745624379
0.0113,2.342052984807651
0.0114,2.186697352477707
0.0115,2.047439361423783
0.0116,1.928836650288755
0.0117,1.832517993264261
0.0118,1.756765093774727
0.0119,1.697525300119376
0.012,1.650258550673264
0.0121,1.611744460895957
0.0122,1.581067646769551
0.0123,1.559395118255963
0.0124,1.548684633855473
0.0125,1.549906463577964
0.0126,1.561555360535249
0.0127,1.579109500955089
0.0128,1.595715327955654
0.0129,1.603894107256861
0.013,1.597665642020335
0.0131,1.574318870773086
0.0132,1.5351871393212
0.0133,1.485153915542698
0.0134,1.431078775060599
0.0135,1.379716797411305
0.0136,1.335865476135264
0.0137,1.301358360640815
0.0138,1.275186067188472
0.0139,1.254597550354585
0.014,1.236680883386969
0.0141,1.219772863530795
0.0142,1.204149132466858
0.0143,1.191753456586759
0.0144,1.18511337051676
0.0145,1.18590960872282
0.0146,1.193798526880157
0.0147,1.205983942503585
0.0148,1.217740992571133
0.0149,1.223724645713877
0.015,1.219591202777198
0.0151,1.203337117309022
0.0152,1.175860343308089
0.0153,1.140534042136018
0.0154,1.101941378604651
0.0155,1.06421867806053
0.0156,1.029584374493007
0.0157,0.9975514522982286
0.0158,0.9650693567715645
0.0159,0.9275167204980516
0.016,0.8801883718648745
0.0161,0.8197830966817554
0.0162,0.7454380529914426
0.0163,0.6590404919624995
0.0164,0.5647979983024924
0.0165,0.468271841478119
0.0166,0.3752038069661183
0.0167,0.290469796808503
0.0168,0.21739527157445
0.0169,0.1575204084374387
0.017,0.1107641911580866
0.0171,0.07584756137024867
0.0172,0.05081026446028609
0.0173,0.03348341792924808
0.0174,0.02183556641654589
0.0175,0.01416839832325358
0.0176,0.009181669241298849
0.0177,0.005948567882666564
0.0178,0.003845275821812277
0.0179,0.002469068323927847
0.018,0.001565709619016709
0.0181,0.000974666208117809
0.0182,0.0005924077070904617
0.0183,0.0003500100591729594
0.0184,0.0002003336462928745
0.0185,0.0001108025754703562
0.0186,5.911381490834093e-05
0.0187,3.038266299181825e-05
0.0188,1.503086582325808e-05
0.0189,7.153295753431095e-06
0.019,3.273539901017933e-06
0.0191,1.440125020741489e-06
0.0192,6.089395291818472e-07
0.0193,2.47449126644463e-07
0.0194,9.662720718335801e-08
0.0195,3.62568833478458e-08
0.0196,1.307202312835833e-08
0.0197,4.528407958669897e-09
0.0198,1.507271102664266e-09
0.0199,4.820314678051644e-10
0.02,1.48113386570328e-10
0.0201,4.372662261543625e-11
0.0202,1.240305816980281e-11
0.0203,3.380195822060347e-12
0.0204,8.850840428690731e-13
0.0205,2.226672198014818e-13
0.0206,5.382163533277602e-14
0.0207,1.24993123032775e-14
0.0208,2.788969998296263e-15
0.0209,5.979019488289298e-16
0.021,1.231528420386833e-16
0.0211,2.437177786398618e-17
0.0212,4.634023792850497e-18
0.0213,8.465596508743104e-19
0.0214,1.485884718726293e-19
0.0215,2.505768265832386e-20
0.0216,4.059989638268684e-21
0.0217,6.320292442267391e-22
0.0218,9.453173915869224e-23
0.0219,1.358458408370646e-23
0.022,1.875613143932815e-24
0.0221,2.488103321678825e-25
0.0222,3.171186443606027e-26
0.0223,3.883321639803573e-27
0.0224,4.56891596965743e-28
0.0225,5.164772538439199e-29
0.0226,5.609413421492487e-30
0.0227,5.85345009349003e-31
0.0228,5.868601379112669e-32
0.0229,5.653085104039545e-33
0.023,5.23196290993426e-34
0.0231,4.652346043788747e-35
0.0232,3.974729560998098e-36
0.0233,3.262656705259758e-37
0.0234,2.573139880867334e-38
0.0235,1.949771116791315e-39
0.0236,1.419489191581693e-40
0.0237,9.929074473574708e-42
0.0238,6.672885410224603e-43
0.0239,4.308705257143592e-44
0.024,2.673056428812008e-45
0.0241,1.593300483531397e-46
0.0242,9.124634342208142e-48
0.0243,5.020667633449837e-49
0.0244,2.654212531952166e-50
0.0245,1.348149761775017e-51
0.0246,6.579135090905293e-53
0.0247,3.084804809534669e-54
0.0248,1.389679962093149e-55
0.0249,6.014923694769298e-57
0.025,2.501345423508059e-58
